Data,TempMaxima,Insolacao,Evaporacao Piche,Umidade Relativa Media,Precipitacao,TempMinima
13/04/2015,32.6,3.54444,4.63943,78,0,16.4
14/04/2015,30.4,3.54444,4.63943,86.5,0,16.2
15/04/2015,29.6,3.54444,4.63943,88.25,0,19
16/04/2015,32.6,3.54444,4.63943,83,0,16.4
17/04/2015,32.6,3.54444,4.63943,82.25,0,19.2
18/04/2015,32.6,3.54444,4.63943,87,0,19
19/04/2015,32.4,3.54444,4.63943,90.5,0,18.6
20/04/2015,34,3.54444,4.63943,83,0,18
21/04/2015,33.8,3.54444,4.63943,88.5,0,19.6
22/04/2015,32.2,3.54444,4.63943,88.75,1,20
23/04/2015,32.8,3.54444,4.63943,87.5,5.5,20
24/04/2015,31.6,3.54444,4.63943,89,0,20.2
25/04/2015,31,3.54444,4.63943,88,4,19.8
26/04/2015,29,3.54444,4.63943,82.5,0,19.2
27/04/2015,31,3.54444,4.63943,84.75,0,21.2
28/04/2015,32.4,3.54444,4.63943,80,6.7,18.8
29/04/2015,30.8,3.54444,4.63943,84.75,0,12.4
30/04/2015,30,3.54444,4.63943,83.5,0,12.8
01/05/2015,30,3.54444,1,83.25,0,16
02/05/2015,31.6,3.54444,1,77.5,0,14.8
03/05/2015,31.2,3.54444,2,75.25,0,13.2
04/05/2015,26.8,3.54444,4.4,92.25,0,12.2
05/05/2015,29.4,3.54444,0.6,90,0,14
06/05/2015,28.4,3.54444,0.5,89.5,0,17
07/05/2015,28.6,3.54444,1.5,83.75,23,18.8
08/05/2015,27.8,3.54444,2,88.25,7,20.4
09/05/2015,30.4,3.54444,1.5,81,0,16.8
10/05/2015,29.4,3.54444,0.7,89.5,0,15.6
11/05/2015,24.4,3.54444,2.5,89,0,11.2
12/05/2015,25.4,3.54444,0.9,85,0,11.8
13/05/2015,25.6,3.54444,2.6,86,0,14.4
14/05/2015,28.6,3.54444,2.2,80.75,28.3,14.4
15/05/2015,25.2,3.54444,3.8,88,0,12
16/05/2015,28,3.54444,2.2,86,0,11.6
17/05/2015,29,3.54444,2.8,81.75,0,12.3
18/05/2015,29.2,3.54444,5,86.75,0,15.6
19/05/2015,28.4,3.54444,2,92.25,0,15.6
20/05/2015,26.6,3.54444,3,89,0,14
21/05/2015,27.4,3.54444,2,84.75,0,19.4
22/05/2015,30,3.54444,2.8,85.5,0,14.4
23/05/2015,27.4,3.54444,1.2,84,4,16.4
24/05/2015,31,3.54444,5,79.5,0,16.6
25/05/2015,32,3.54444,5,77,0,16.8
26/05/2015,32,3.54444,5,77,0,17.2
27/05/2015,31.6,3.54444,7,80.25,0,16.6
28/05/2015,25.2,3.54444,3,97.25,0,18.2
29/05/2015,24.2,3.54444,1,89,0,18.2
30/05/2015,28.4,3.54444,1,83.5,0,17.4
31/05/2015,28.6,3.54444,4,88.5,0,15.6
01/06/2015,26.2,3.54444,3,93.25,12.8,14
02/06/2015,20.8,3.54444,3,98.5,0,12.6
03/06/2015,27.4,3.54444,2,85.5,0,18.6
04/06/2015,29,3.54444,1.2,79.25,6.5,15.8
05/06/2015,29,3.54444,3.2,76.5,0,15.2
06/06/2015,29.4,3.54444,8.5,79,4.4,12.7
07/06/2015,30.6,3.54444,0.5,77,0,14.8
08/06/2015,30.6,3.54444,2,73.5,0,14.8
09/06/2015,30.8,3.54444,4.4,79.25,0,16
10/06/2015,30.8,3.54444,6.1,77.5,0,16.6
11/06/2015,31.4,3.54444,2.5,72.25,0,16.2
12/06/2015,31.2,3.54444,7,77.75,0,16
13/06/2015,31.4,3.54444,5,63.75,0,16.8
14/06/2015,31.8,3.54444,4,76.25,0,16
15/06/2015,26.3,3.54444,7,89.75,0,15.2
16/06/2015,27.6,3.54444,2.7,83.25,0,16.5
17/06/2015,32,3.54444,2.3,76.75,0,18.6
18/06/2015,32.6,3.54444,5,70.6886,0,14.8
19/06/2015,24.2,3.54444,5,70.6886,0,12.2
20/06/2015,23.2,3.54444,6,70.6886,0,14.6
21/06/2015,28.4,3.54444,2,70.6886,0,17.4
22/06/2015,28.6,3.54444,2,78,0,15.2
23/06/2015,27.6,3.54444,5,81.25,0,13.8
24/06/2015,28,3.54444,4,79.75,0,14.2
25/06/2015,27.8,3.54444,3,81.5,0,14.8
26/06/2015,27.8,3.54444,3.2,83.5,0,15.8
27/06/2015,26.6,3.54444,1,78,0,11.6
28/06/2015,27.2,3.54444,2,74.25,0,14.6
29/06/2015,28.4,3.54444,3,71.5,0,14.2
30/06/2015,29,3.54444,3,66,0,12.2
01/07/2015,24.8,3.54444,3,91.25,0,12.4
02/07/2015,24.8,3.54444,2,91.5,0,13.8
03/07/2015,31,3.54444,1.2,71.25,0,14.2
04/07/2015,26.4,3.54444,4.8,97.5,13.6,14.6
05/07/2015,22.8,3.54444,1,95.5,1.4,13.8
06/07/2015,25.4,3.54444,1,92.25,0,15.8
07/07/2015,22.4,3.54444,1,94.5,0,14
08/07/2015,21.4,3.54444,1.2,95.75,4.8,11.6
09/07/2015,25.4,3.54444,0.8,87.5,0,10.8
10/07/2015,30.2,3.54444,2,77.5,0,14.4
11/07/2015,28.4,3.54444,8,83,30.5,13.2
12/07/2015,31.6,3.54444,5,87,1.2,12.6
13/07/2015,32.2,3.54444,4.2,69.25,0,13.8
14/07/2015,31.4,3.54444,5.8,67.5,0,15.8
15/07/2015,30.8,3.54444,5,81,0,16.4
16/07/2015,29.4,3.54444,6.8,80.75,0,17.6
17/07/2015,29.6,3.54444,1.2,74.5,0,17.8
18/07/2015,29.4,3.54444,8.2,73,0,18.6
19/07/2015,29.8,3.54444,0.8,71.5,0,18
20/07/2015,31,3.54444,1,70.75,0,16.8
21/07/2015,28.8,3.54444,3,83.25,0,15.6
22/07/2015,25.8,3.54444,2,94.5,0,15.2
23/07/2015,30.6,3.54444,5.2,81.75,0,15.2
24/07/2015,30.8,3.54444,3.8,71,0,15.2
25/07/2015,28.4,3.54444,6,84.75,0,11.2
26/07/2015,30.4,3.54444,1.8,84.25,0,11.6
27/07/2015,29.8,7.7,1.2,78.5,0,15.6
28/07/2015,31.6,3.54444,4,73,0,15.2
29/07/2015,32.4,3.54444,5,69,0,14.8
30/07/2015,32,3.54444,2,68.25,0,13.6
31/07/2015,31.2,3.54444,4,67.5,0,15.2
01/08/2015,31.4,3.54444,2,62.5,0,16.2
02/08/2015,31.8,3.54444,7.5,71.25,0,13.8
03/08/2015,33,3.54444,1.7,67,0,14.4
04/08/2015,32.4,3.54444,3,66.5,0,16.2
05/08/2015,32.6,3.54444,7,70,0,16.4
06/08/2015,32.8,3.54444,3,64,0,16.4
07/08/2015,34.4,3.54444,2,66.25,0,14.8
08/08/2015,34.2,3.54444,15,63,0,15.6
09/08/2015,32.8,3.54444,4,62.75,0,15.2
10/08/2015,32.6,3.54444,6,64.5,0,16.4
11/08/2015,31.6,3.54444,4,74.5,0,17.4
12/08/2015,31.2,3.54444,6,71,0,19
13/08/2015,31.2,3.54444,4,78.5,0,16.2
14/08/2015,30.6,3.54444,6,56.75,0,17
15/08/2015,32.2,3.54444,3,54.25,0,15.2
16/08/2015,33.2,3.54444,4,44,0,14.8
17/08/2015,32.8,3.54444,9.2,43,0,15.2
18/08/2015,32.6,3.54444,2.8,46.25,0,15.2
19/08/2015,30.2,3.54444,3,57.25,0,16.8
20/08/2015,30.2,3.54444,9,51.75,0,17.8
21/08/2015,31,3.54444,4,63.25,0,17.8
22/08/2015,33.6,3.54444,13,48,0,15.4
23/08/2015,36,3.54444,3.5,51.25,0,12.6
24/08/2015,36.2,3.54444,7.5,54.75,0,10.8
25/08/2015,32.4,3.54444,6,66.75,0,15.4
26/08/2015,36.4,3.54444,8,41.5,0,15.6
27/08/2015,29.2,3.54444,3,84.75,0,17.8
28/08/2015,28.8,3.54444,4,57.75,0,15.2
29/08/2015,33.6,3.54444,3,65,0,16.6
30/08/2015,36,3.54444,1,44,2.2,12.2
31/08/2015,36.4,3.54444,1,44.75,3.9,12.2
01/09/2015,36.6,3.54444,9.8,54,0,10.8
02/09/2015,35.4,3.54444,7.2,52.75,0,15.4
03/09/2015,37.2,3.54444,5,43.75,0,19.2
04/09/2015,38.6,3.54444,10,48,0,18.2
05/09/2015,32,3.54444,10,61,0,13.8
06/09/2015,35.4,3.54444,2,60.5,0,13.8
07/09/2015,33.4,3.54444,3.8,71.25,0,17.6
08/09/2015,34,3.54444,9.8,80.5,0,14.4
09/09/2015,25.6,3.54444,4.2,87.25,0,15.4
10/09/2015,22.6,3.54444,15,88,3,17
11/09/2015,22.8,3.54444,1.2,97.5,13.2,15.6
12/09/2015,23.2,3.54444,0.6,87.5,16.6,15.2
13/09/2015,25.6,3.54444,0.2,74,9,17
14/09/2015,30,3.54444,3,69,20.6,14.6
15/09/2015,35.6,3.54444,3.2,57.75,25.3,15.4
16/09/2015,36.2,3.54444,5.6,47.25,3.8,13.8
17/09/2015,36.6,3.54444,0.4,53.5,0,11.8
18/09/2015,37.6,3.54444,1.6,48,0,13.8
19/09/2015,38.2,3.54444,10.5,45,0,20.8
20/09/2015,37.8,3.54444,2.5,41.5,0,21.6
21/09/2015,38,3.54444,2,45,0,21.6
22/09/2015,38.6,3.54444,2,37.75,0,22
23/09/2015,38.4,3.54444,12,37.25,0,20.8
24/09/2015,38.2,3.54444,10,45.75,0,19.4
25/09/2015,39.4,3.54444,6,31.5,0,18.6
26/09/2015,30,3.54444,9,78.5,0,19
27/09/2015,34,3.54444,5,75.75,0,21.8
28/09/2015,28.4,3.54444,4.8,82.5,0,23
29/09/2015,29.6,3.54444,1.2,69,23.4,17.8
30/09/2015,31,3.54444,3,65.75,0,17.8
01/10/2015,35.6,3.54444,2,58.25,5.4,17.6
02/10/2015,37.6,3.54444,9,49.5,0.6,18.4
03/10/2015,32.8,3.54444,9.6,81.25,0,18
04/10/2015,29.6,3.54444,4.6,72.5,0,18
05/10/2015,33.6,3.54444,1.4,61.25,0,18.8
06/10/2015,36.4,3.54444,5,50.75,0,18.6
07/10/2015,38,3.54444,7,47.5,0,17.4
08/10/2015,37.4,3.54444,10,49.75,0,16.4
09/10/2015,37.8,3.54444,3.8,69.75,0,14.6
10/10/2015,33.6,3.54444,1.2,70.6886,0,21.2
11/10/2015,33.4,3.54444,3,83.25,0,21.6
12/10/2015,30.2,3.54444,1.5,79.75,0,19
13/10/2015,34.2,3.54444,3.7,61.5,42,17.2
14/10/2015,38,3.54444,3.8,49,0,18.2
15/10/2015,39.4,3.54444,13,41.75,0,17
16/10/2015,38.6,3.54444,2,56,0,16
17/10/2015,40,3.54444,15,47,0,19
18/10/2015,37.4,3.54444,2.6,55.5,0,22
19/10/2015,38.2,3.54444,5.8,42,0,22.2
20/10/2015,39.4,0.9,2.6,43.75,0,20.6
21/10/2015,37.6,3.54444,2,56,0,16.4
22/10/2015,37.2,3.54444,6,66.25,0,16
23/10/2015,29.4,3.54444,4,72.25,0,24.8
24/10/2015,33.6,3.54444,3,68.5,0,20
25/10/2015,35.4,3.54444,3,70,0,18
26/10/2015,32.6,3.54444,5,75.75,9.8,18
27/10/2015,33.4,3.54444,3,72,0,17
28/10/2015,30.4,3.54444,3,80.25,0,16.6
29/10/2015,33,3.54444,1,72.25,40,17.6
30/10/2015,34.8,3.54444,5,59.25,7.2,18.2
31/10/2015,28.8,3.54444,4.5,91.75,26.6,18
01/11/2015,30.2,3.54444,1,87,0,17.8
02/11/2015,32.8,3.54444,1.4,81.25,0,17.8
03/11/2015,30,3.54444,2,78,18,19.2
04/11/2015,31.6,3.54444,2,71.25,42.2,19
05/11/2015,33.6,3.54444,2,70,4.5,19.6
06/11/2015,33.6,3.54444,2.2,74,11.6,19
07/11/2015,30.8,3.54444,6,83.25,19.2,18.6
08/11/2015,33.8,3.54444,2,66.25,0,18.4
09/11/2015,34.4,3.54444,2,71,0,19.4
10/11/2015,36.8,3.54444,4.2,55.75,0,17
11/11/2015,36.6,3.54444,1.8,60,0.6,17.8
12/11/2015,37,3.54444,4,56.75,1,19
13/11/2015,37.8,3.54444,10.8,59.75,0,19.4
14/11/2015,35.4,3.54444,14.8,66.5,0,21.4
15/11/2015,30,3.54444,3,85,0,19
16/11/2015,34.2,3.54444,3,66.5,0,21
17/11/2015,33.2,3.54444,5,79.5,42,19
18/11/2015,33.6,3.54444,3,71.75,10,17.6
19/11/2015,35,3.54444,1,64.5,0,18.8
20/11/2015,30.6,3.54444,3.2,84.5,1,19.4
21/11/2015,31,3.54444,1.8,79.5,0,18.2
22/11/2015,35.2,3.54444,3.2,83.25,1.6,19.8
23/11/2015,35.6,3.54444,2.8,69,37,17
24/11/2015,29.6,3.54444,4,90,1.5,17.8
25/11/2015,26.6,3.54444,1,88.5,0,19.4
26/11/2015,30.4,3.54444,1,77,2.4,20
27/11/2015,34.8,3.54444,3,67,24.8,18.6
28/11/2015,32.6,3.54444,5.5,78.5,35,16.4
29/11/2015,30.6,3.54444,4.5,90,25,15.8
30/11/2015,32.2,3.54444,5.5,86.25,0,19
01/12/2015,33.2,3.54444,5,78.5,0,19.4
02/12/2015,33.2,3.54444,4,65.25,8,18.6
03/12/2015,33.8,3.54444,5,80.25,9,19.2
04/12/2015,35,3.54444,3,64,1.8,19.4
05/12/2015,33,3.54444,8,82.75,0,19.8
06/12/2015,30,3.54444,4,82.25,0,19
07/12/2015,30.8,3.54444,1.8,86,0,18.6
08/12/2015,33.4,3.54444,3.2,74.75,17,18.8
09/12/2015,32,3.54444,3.5,80.75,1.2,18.8
10/12/2015,29.8,3.54444,2.5,80.25,0,20.2
11/12/2015,33.6,3.54444,2,71.75,46,19.4
12/12/2015,32.6,3.54444,4,80.25,1,20
13/12/2015,29.8,3.54444,3,74.5,0,18.4
14/12/2015,33.8,3.54444,5,63.25,0,18.2
15/12/2015,33.4,3.54444,4,88.75,0,19.2
16/12/2015,30.8,3.54444,3,80.5,4,18.4
17/12/2015,31,3.54444,2.2,67,0,20.2
18/12/2015,35.6,3.54444,3.8,60,0,18.2
19/12/2015,33.6,3.54444,9,74.25,7,17.2
20/12/2015,33.8,3.54444,5,80.75,0,19.2
21/12/2015,33.6,3.54444,3,69.75,0,20
22/12/2015,34.4,3.54444,3.5,74.5,0,20.2
23/12/2015,33,3.54444,3.5,79.5,0,18.6
24/12/2015,36.6,3.54444,15,70.75,6,18
25/12/2015,36.2,3.54444,2.5,73.5,10,19.8
26/12/2015,30.8,3.54444,3,79.5,0,22
27/12/2015,32.2,3.54444,2.5,74.5,0,21
28/12/2015,30.4,3.54444,2,76,0,19.2
29/12/2015,28.4,3.54444,2,70.6886,6,19
30/12/2015,26.4,3.54444,3,70.6886,0,20
31/12/2015,31.8,3.54444,15,70.6886,11,18.6
01/01/2016,31.8,3.54444,4,70.6886,8.2,19.4
02/01/2016,32.6,3.54444,16.5,70.6886,63,17.4
04/01/2016,30.6,3.54444,5.5,70.6886,19,18.6
05/01/2016,33,3.54444,1.5,70.6886,0,20.2
06/01/2016,30,3.54444,2,70.6886,17,20.2
07/01/2016,32.6,3.54444,3,70.6886,0,19.4
08/01/2016,31,3.54444,3,70.6886,1.5,19.6
09/01/2016,30.6,3.54444,2.5,70.6886,13,20
10/01/2016,30.6,3.54444,4.63943,70.6886,1,19.8
11/01/2016,31.8,3.54444,6.5,70.6886,1.5,21
12/01/2016,29,3.54444,2,70.6886,4.4,20.8
13/01/2016,29,3.54444,0.5,70.6886,14,20.8
14/01/2016,31.2,3.54444,1.5,70.6886,4.5,19.8
15/01/2016,27,3.54444,1.5,70.6886,57,19.8
16/01/2016,28,3.54444,1.5,70.6886,1,19
18/01/2016,32.4,3.54444,0,70.6886,79.2,18.8
19/01/2016,32.4,3.54444,5.5,73.5,57,18
20/01/2016,31.8,3.54444,2.5,70.6886,123,19
21/01/2016,33,3.54444,5,70.6886,1,16.1138
22/01/2016,33.8,3.54444,6,70.6886,0,20
23/01/2016,34.2,3.54444,4,70.6886,0,18.4
25/01/2016,33.6,3.54444,8,70.6886,0,17.4
26/01/2016,36.2,3.54444,9,70.6886,0,17.6
27/01/2016,31,3.54444,4,70.6886,0,16.4
28/01/2016,31.8,3.54444,5,70.6886,26.4,17.6
29/01/2016,30.6,3.54444,1,70.6886,0,16.1138
30/01/2016,32.4,3.54444,3,70.6886,2,18.8
01/02/2016,29.6,3.54444,3,70.6886,0,19.8
02/02/2016,36.4,3.54444,3,70.6886,11.4,19.8
03/02/2016,36.4,3.54444,3,70.6886,0,19.2
04/02/2016,33.4,3.54444,4,70.6886,3,19
05/02/2016,35.2,3.54444,5,70.6886,7.8,19
06/02/2016,33.2,3.54444,5,70.6886,0,18.8
08/02/2016,32.2,3.54444,2,70.6886,0,20
09/02/2016,33.4,3.54444,4,70.6886,0,16.4
10/02/2016,35.4,3.54444,5,70.6886,17.8,19
11/02/2016,36.4,3.54444,6,70.6886,0,20.2
12/02/2016,33,3.54444,5,70.6886,8.2,19
13/02/2016,34.8,3.54444,3,70.6886,0,18.2
15/02/2016,36,3.54444,4.63943,70.6886,0,19.8
16/02/2016,32.2,3.54444,12,70.6886,0,20.2
17/02/2016,36,3.54444,5.6,70.6886,0,19.2
18/02/2016,33.4,3.54444,7.2,70.6886,14.6,17.4
19/02/2016,33.4,3.54444,2,70.6886,0,20.2
20/02/2016,32.8,3.54444,3,70.6886,0,21.2
22/02/2016,31.2,3.54444,10,70.6886,1,20.6
23/02/2016,31.6,3.54444,1,70.6886,0,20.8
24/02/2016,28.4,3.54444,2,70.6886,0,20
25/02/2016,32.4,3.54444,2,70.6886,1,19
26/02/2016,32.8,3.54444,3,70.6886,6.4,19.8
27/02/2016,33,3.54444,7,70.6886,22,16.1138
29/02/2016,30.2,3.54444,4,70.6886,63,18
01/03/2016,30.8,3.54444,2,70.6886,18.6,17.8
02/03/2016,32,3.54444,1,70.6886,31.8,17
03/03/2016,29.6,3.54444,5,70.6886,0,18.2
04/03/2016,31,3.54444,10,70.6886,0,20
05/03/2016,29.8,3.54444,1.2,70.6886,0,20
06/03/2016,32.2,3.54444,1,70.6886,0,19
07/03/2016,32.2,3.54444,4.63943,70.6886,6,17.8
08/03/2016,33.2,3.54444,5,70.6886,70.5,19
09/03/2016,32.4,3.54444,2,70.6886,12,18.4
10/03/2016,31.4,3.54444,5,70.6886,7,19.2
11/03/2016,29.4,3.54444,2,70.6886,33,17.8
12/03/2016,31,3.54444,4,70.6886,29,18.8
14/03/2016,33.2,3.54444,5.2,70.6886,3,18.8
15/03/2016,28.8,3.54444,3.8,70.6886,0,19.8
16/03/2016,30.8,3.54444,1,70.6886,0,23.8
17/03/2016,33.4,3.54444,3.2,70.6886,1,20
18/03/2016,33.8,3.54444,4.8,70.6886,2.2,18.6
19/03/2016,35,3.54444,1,70.6886,0,18
21/03/2016,35.6,3.54444,5,70.6886,0,19
22/03/2016,35.2,3.54444,3,70.6886,35,17.6
23/03/2016,33.4,3.54444,3,70.6886,6,17.8
24/03/2016,32.4,3.54444,2,70.6886,0,19
25/03/2016,29,3.54444,5,70.6886,0,17.8
26/03/2016,32.6,3.54444,2,70.6886,0,20
28/03/2016,33.8,3.54444,14,70.6886,0,17.8
29/03/2016,33.2,3.54444,3,70.6886,0,21
30/03/2016,33.6,3.54444,5,70.6886,0,19
31/03/2016,34.8,3.54444,4.2,70.6886,1,19
01/04/2016,35.2,3.54444,2,70.6886,1,18
02/04/2016,35.4,3.54444,2,70.6886,0,18.2
04/04/2016,36.2,3.54444,4.63943,70.6886,0,17
05/04/2016,36.2,3.54444,5,70.6886,0,17
06/04/2016,35.6,3.54444,7,70.6886,0,19.6
07/04/2016,36,3.54444,3,70.6886,0,19.8
08/04/2016,35.8,3.54444,6,70.6886,0,18.4
09/04/2016,35.2,3.54444,7,70.6886,0,19
11/04/2016,36.4,3.54444,1,70.6886,0,21
12/04/2016,35.6,3.54444,8,70.6886,0,19
13/04/2016,35.4,3.54444,7,70.6886,0,19.6
14/04/2016,35.6,3.54444,10,70.6886,0,20.4
15/04/2016,36.6,3.54444,7,70.6886,0,18.2
16/04/2016,35.4,3.54444,9,70.6886,0,20.4
18/04/2016,35,3.54444,4.63943,70.6886,0,18.2
19/04/2016,34.8,3.54444,6,70.6886,0,17.4
20/04/2016,35.6,3.54444,6,70.6886,0,20.4
21/04/2016,35.8,3.54444,4.63943,70.6886,0,21
22/04/2016,35.6,3.54444,9,70.6886,0,21
23/04/2016,35.4,3.54444,6.4,70.6886,0,20.2
25/04/2016,36,3.54444,4.63943,70.6886,0,18.8
26/04/2016,29.4,3.54444,9,70.6886,0,18.8
27/04/2016,21,3.54444,0.8,70.6886,0,19.6
28/04/2016,25,3.54444,1.2,70.6886,0,20.2
29/04/2016,19,3.54444,2,70.6886,0,19.2
30/04/2016,25,3.54444,1.6,70.6886,0,19.8
02/05/2016,28.8,3.54444,4.63943,70.6886,0,19.2
03/05/2016,28.8,3.54444,4.1,70.6886,12.4,16
04/05/2016,31.2,3.54444,3,70.6886,42.8,8.4
05/05/2016,31,3.54444,7,70.6886,0,5.6
06/05/2016,32.6,3.54444,4,70.6886,4.8,8.6
07/05/2016,32.6,3.54444,2,70.6886,1.2,8.6
09/05/2016,33.2,3.54444,17,70.6886,0,10.2
10/05/2016,23.6,3.54444,6,70.6886,0,10.2
11/05/2016,26.6,3.54444,1,70.6886,0,12.4
12/05/2016,27.4,3.54444,2,70.6886,0,15.8
13/05/2016,27,3.54444,1,70.6886,0,15.6
14/05/2016,29,3.54444,3,70.6886,0,13
16/05/2016,30.8,3.54444,4.63943,70.6886,0,17.6
17/05/2016,26.8,3.54444,5,70.6886,0,14.4
18/05/2016,26.8,3.54444,0.6,81.75,6,12.8
19/05/2016,28.4,3.54444,2.2,85,0,15.2
20/05/2016,32.6,3.54444,2.2,71.75,7.4,14.8
21/05/2016,26.4,3.54444,4,94.75,0,12.2
22/05/2016,30.6,3.54444,1,83,12,16
23/05/2016,21.8,3.54444,4,81,1,16
24/05/2016,28.4,3.54444,2,71.25,0,12.8
25/05/2016,27.8,3.54444,3,73.5,0,13.8
26/05/2016,30.2,3.54444,3,67,0,14.6
27/05/2016,28.2,3.54444,4,74.5,23,16
28/05/2016,30,3.54444,3,64.5,1,14.2
29/05/2016,27,3.54444,4.5,98,0,11.2
30/05/2016,26.6,3.54444,0.5,86,0,6.4
31/05/2016,24.6,3.54444,6,90.75,0,8
01/06/2016,29,3.54444,2,86.25,0,10.8
02/06/2016,24.8,3.54444,7,95.75,0,14.8
03/06/2016,23.6,3.54444,0.8,96.25,0,11
04/06/2016,28.8,3.54444,0.2,86.5,14,12.6
05/06/2016,30.8,3.54444,2,82.25,6,10.8
06/06/2016,29.6,3.54444,2,75,17.6,13.4
07/06/2016,24.6,3.54444,3,97,0,14.8
08/06/2016,21.8,3.54444,0,83.25,30.2,14.8
09/06/2016,22.6,3.54444,3,72.75,21,15.4
10/06/2016,24.2,3.54444,2,72,9.4,16
11/06/2016,22.6,3.54444,3.5,63.75,0,17
12/06/2016,21,3.54444,2,74.5,0,17.4
13/06/2016,23.4,3.54444,5,57.5,7,11.6
14/06/2016,27.6,3.54444,4,73.75,7.4,9.6
15/06/2016,29,3.54444,4,70.75,0,11
16/06/2016,28.4,3.54444,3.8,61.5,0,8.6
17/06/2016,29,3.54444,7,59.75,0,8.2
18/06/2016,29.8,3.54444,3,71,0,7.2
19/06/2016,29.4,3.54444,5,64.25,0,6.4
20/06/2016,30.4,3.54444,5,67.75,0,5.6
21/06/2016,27.4,3.54444,4,78.75,0,12.4
22/06/2016,29,3.54444,4,77.5,0,14
23/06/2016,29,3.54444,3,76,0,12.8
24/06/2016,29.8,3.54444,2,68.5,0,12.4
25/06/2016,29.2,3.54444,5.8,68,0,11.4
26/06/2016,27.8,3.54444,4.63943,62.5,0,13.8
27/06/2016,27.6,3.54444,2.2,61.75,0,9
28/06/2016,27.4,3.54444,6,62.5,0,10.8
29/06/2016,28.6,3.54444,4,60.75,2,11.8
30/06/2016,28.4,3.54444,1,64,0,12.8
01/07/2016,29,3.54444,4.5,59.75,0,13.6
02/07/2016,30.4,3.54444,9.5,65.5,0,13.2
03/07/2016,29.8,3.54444,3,59.5,0,12.8
04/07/2016,30,3.54444,7,58.25,0,12.8
05/07/2016,30,3.54444,7,68,0,14.8
06/07/2016,31.2,3.54444,3,67.25,0,15.4
07/07/2016,26,3.54444,5,71.25,0,14.6
08/07/2016,27.2,3.54444,4,57,0,14.6
09/07/2016,31.2,3.54444,4.5,56.75,0,13.4
10/07/2016,33,3.54444,4.5,56.5,0,13.8
11/07/2016,33.4,3.54444,7,57.5,0,16
12/07/2016,33.4,3.54444,7,59,0,15.8
13/07/2016,33.6,3.54444,4,52.75,0,11.8
14/07/2016,32.8,3.54444,7,54.75,0,9.6
15/07/2016,33.8,3.54444,8,56.25,0,6
16/07/2016,30.4,3.54444,9,77.75,0,11.8
17/07/2016,21.8,3.54444,4,81,0,15.6
18/07/2016,25,3.54444,3,58,0,12.8
19/07/2016,27,3.54444,5,57.75,0,17.6
20/07/2016,28.8,3.54444,4,54,0,16
21/07/2016,29.6,3.54444,5,61.25,0,13.8
22/07/2016,28.4,3.54444,2,65.5,0,10.8
23/07/2016,31.6,3.54444,5.5,56.5,0,3.8
24/07/2016,32.6,3.54444,7,52.5,0,2
25/07/2016,31.6,3.54444,3.5,44,0,5.6
26/07/2016,31.4,3.54444,4.5,58.5,0,8
27/07/2016,33.2,3.54444,4.5,51.5,0,12.8
28/07/2016,31.8,3.54444,2,59.25,0,8.8
29/07/2016,32.2,3.54444,4.5,59,0,7.6
30/07/2016,31.2,3.54444,1.5,51.25,0,12.6
31/07/2016,29.8,3.54444,7,46.75,0,13.8
01/08/2016,30.6,3.54444,5.4,54.25,0,14.8
02/08/2016,31.2,3.54444,3.6,47.75,0,13
03/08/2016,30.8,3.54444,7,53.5,0,11.8
04/08/2016,31.8,3.54444,6,47,0,11.3
05/08/2016,32.6,3.54444,5,47.5,0,11
06/08/2016,33.6,3.54444,10,59,0,14.6
07/08/2016,33.6,3.54444,3.2,49.75,0,14.2
08/08/2016,35,3.54444,4,45.75,0,15.2
09/08/2016,31.2,3.54444,1.2,65.5,0,10.8
10/08/2016,26,3.54444,9.5,93.5,0,10.4
11/08/2016,25.4,3.54444,1,54.5,0,16
12/08/2016,27.8,3.54444,1.5,54.75,0,15.8
13/08/2016,32.8,3.54444,5,40,0,15.2
14/08/2016,36.2,3.54444,1.5,63.5,0,14
15/08/2016,35.6,3.54444,2.5,58.25,0,12.4
16/08/2016,28.8,3.54444,5,72.75,0,13.4
17/08/2016,33.8,3.54444,2,60.75,0.4,5.2
18/08/2016,36.6,3.54444,3,44,0,4
19/08/2016,36.4,3.54444,3,45.75,0,4.4
20/08/2016,26.6,3.54444,8,75.25,0,12
21/08/2016,24.8,3.54444,3,78.75,0,16
22/08/2016,21.8,3.54444,2,65.5,5,13.4
23/08/2016,28.4,3.54444,3,64,0,13.6
24/08/2016,33.8,3.54444,3.4,58.5,0,17.4
25/08/2016,33.4,3.54444,3.8,48,0,11.8
26/08/2016,32.4,3.54444,6.2,36.5,8,15.4
27/08/2016,33.6,3.54444,6.3,49.5,15.2,9.6
28/08/2016,35.4,3.54444,4,53.5,0,5
29/08/2016,32.4,3.54444,10,57.5,0,5
30/08/2016,28,3.54444,6,79.75,0,7.8
31/08/2016,20.8,3.54444,2,96.5,0,12
01/09/2016,28.8,3.54444,1,75.25,0,16.2
02/09/2016,33.8,3.54444,2,59,0,15.4
03/09/2016,28.6,3.54444,6,78.5,0,17.2
04/09/2016,24.6,3.54444,2,84.5,0,17.6
05/09/2016,31.4,3.54444,6.2,67,0,16
06/09/2016,27.2,3.54444,1.8,89,13,8.4
07/09/2016,26,3.54444,2,73,2.3,8.4
08/09/2016,27,3.54444,3,47.5,0,10.8
09/09/2016,31,3.54444,5,57.5,0,17
10/09/2016,35,3.54444,6,53,0,14.4
11/09/2016,36.2,3.54444,3,44,0,14
12/09/2016,36,3.54444,11.2,44,9.2,13.4
13/09/2016,36.4,3.54444,4.2,38.5,0,8.2
14/09/2016,31.2,3.54444,11.5,68.75,0,8.8
15/09/2016,30.8,3.54444,3.5,44,0,9.6
16/09/2016,34,3.54444,2.5,51.5,0,12.2
17/09/2016,37.2,3.54444,7.5,48.5,0,12.2
18/09/2016,37.2,3.54444,5,52.5,0,18.8
19/09/2016,36.8,3.54444,3,79.5,0,18
20/09/2016,29.4,3.54444,5.2,70.75,0,16.8
21/09/2016,29.4,3.54444,3,50,0,10.8
22/09/2016,32.8,3.54444,6.8,51.5,0,10.8
23/09/2016,35.2,3.54444,2,49,0,20
24/09/2016,34.6,3.54444,6,46,0,19.4
25/09/2016,32.2,3.54444,4.5,58.5,0,15.4
26/09/2016,31.8,3.54444,6,46.25,2.4,13.6
27/09/2016,32,3.54444,9.2,40,0,7.8
28/09/2016,35.4,3.54444,7.8,41,0,8
29/09/2016,36.2,3.54444,10.5,32,0,10.2
30/09/2016,36,3.54444,5.7,40,0,13
01/10/2016,34.4,3.54444,4.63943,49.75,0,11.6
02/10/2016,36.4,3.54444,6,56,0,10.4
03/10/2016,35.4,3.54444,8,69.75,0,14.6
04/10/2016,31.8,3.54444,6,70.6886,0,9.6
05/10/2016,28.8,3.54444,1.5,79.5,0,12
06/10/2016,26.8,3.54444,4,81,0,11.2
07/10/2016,28.8,3.54444,5,63.5,0,11
08/10/2016,32.4,3.54444,6,57.75,0,11.8
09/10/2016,35.8,3.54444,7.5,51,0,13.2
10/10/2016,31.9138,3.54444,7.5,53.5,20.8,16
11/10/2016,36.4,3.54444,8,73.25,0,13.4
12/10/2016,34.4,3.54444,7,64.25,0,13
13/10/2016,31.2,3.54444,3,73.25,0,13.8
14/10/2016,27,3.54444,9,90,0,10.4
15/10/2016,33,3.54444,2,70,0,14
16/10/2016,36.4,3.54444,1,52.25,0,13.6
17/10/2016,38.6,3.54444,11.5,59.5,0,14.6
18/10/2016,36.8,3.54444,10.5,57.5,12,17.2
19/10/2016,38.8,3.54444,6,58,0,18
20/10/2016,34.6,3.54444,8.5,79.5,12,16.4
21/10/2016,32.6,3.54444,3,71.5,30.9,16
22/10/2016,32.8,3.54444,3.5,67,0,19.8
23/10/2016,34.8,3.54444,5,68.5,0,20.2
24/10/2016,36.2,3.54444,5,64.75,0,21.4
25/10/2016,32.4,3.54444,6,75,0,22
26/10/2016,37,3.54444,4.63943,73.25,0,18.2
27/10/2016,28.4,3.54444,4.5,72.25,9.4,17.2
28/10/2016,28.8,3.54444,4,52.25,0,17.2
29/10/2016,31,3.54444,4.5,57.75,0,18.4
30/10/2016,35.4,3.54444,2,60.25,1.2,19.8
31/10/2016,34.4,3.54444,4,77.5,0,17.6
01/11/2016,30.8,3.54444,1,70.6886,0,17.2
02/11/2016,34,3.54444,3,70.6886,7,16
03/11/2016,25.4,3.54444,3,70.6886,0,10.2
04/11/2016,30.8,3.54444,1.8,70.6886,0,17
05/11/2016,33.4,3.54444,3.2,70.6886,0,11.4
07/11/2016,35,3.54444,16,70.6886,0,16.8
08/11/2016,35.2,3.54444,7,70.6886,33,17.6
09/11/2016,35,3.54444,6,70.6886,0,17.2
10/11/2016,36.6,3.54444,6.5,70.6886,9.2,15.2
11/11/2016,36.2,3.54444,5.4,70.6886,0,15.6
12/11/2016,27.4,3.54444,2.6,83.5,0,16
14/11/2016,23.4,3.54444,12,70.6886,0,16.1138
15/11/2016,31.4,3.54444,5,70.6886,0,16.8
16/11/2016,34.2,3.54444,3,70.6886,0,16
17/11/2016,31,3.54444,3,70.6886,0,19.2
18/11/2016,32.2,3.54444,3,70.6886,2.5,17.4
19/11/2016,28.6,3.54444,5.2,70.6886,0,18.8
21/11/2016,33,3.54444,4.63943,78.75,0,17
22/11/2016,33.8,3.54444,7,80.5,7.9,16.1138
23/11/2016,31.2,3.54444,6,78.75,34,15.4
24/11/2016,34.2,3.54444,3.8,60.75,0,14.8
25/11/2016,35.4,3.54444,5.2,60,0,17.4
26/11/2016,32.4,3.54444,5,69,0,17.8
27/11/2016,35,3.54444,5.6,63,17.1,17.2
28/11/2016,33,3.54444,5.4,72.25,0,10.8
29/11/2016,35.2,3.54444,3,67.75,0,16.1138
30/11/2016,33.2,3.54444,4,64,0,19
01/12/2016,30.6,3.54444,8.2,81.5,0,16.2
02/12/2016,31.6,3.54444,3.3,76.5,13,16.2
03/12/2016,32.6,3.54444,3.5,81,0,18.2
04/12/2016,31.6,3.54444,2,85.75,0,19.4
05/12/2016,34.4,3.54444,2,76.5,0,19.2
06/12/2016,33.6,3.54444,7,75.75,0,19.6
07/12/2016,34.4,3.54444,4,64.75,1.2,18.8
08/12/2016,33.8,3.54444,6,80.5,0,18
09/12/2016,33.2,3.54444,3.4,85,0,16.8
10/12/2016,29.8,3.54444,3.1,93.5,0,14.8
11/12/2016,32.4,3.54444,1,82.5,7,18.6
12/12/2016,32.6,3.54444,2.5,79.75,0,17.4
13/12/2016,32.6,3.54444,3,81.25,19,17
14/12/2016,28.8,3.54444,3,88.5,22,18.2
15/12/2016,30.8,3.54444,1.2,77,0,19
16/12/2016,30,3.54444,3.2,78.75,0,18
17/12/2016,31.2,3.54444,3.8,62,0,17.4
18/12/2016,33.2,3.54444,3,59.75,19,17.4
19/12/2016,31,3.54444,6,79.75,9,17.6
20/12/2016,30.8,3.54444,3,72.5,15.4,17.8
21/12/2016,31,3.54444,3,76.75,9,18.4
22/12/2016,32.2,3.54444,2,71.25,0,19.2
23/12/2016,35,3.54444,2.4,61.5,14,16.6
24/12/2016,33,3.54444,8,65.75,0,16.8
25/12/2016,36.4,3.54444,3,55.5,2.4,14.8
26/12/2016,35.8,3.54444,7,70.6886,0,16.4
27/12/2016,34,3.54444,4,70.6886,0,17.6
28/12/2016,33.6,3.54444,5.2,70.6886,3,17
29/12/2016,31.8,3.54444,2.3,70.6886,0,16.4
30/12/2016,32.6,3.54444,6.5,70.6886,41,14.8
31/12/2016,33,3.54444,1,70.6886,9,15.6
02/01/2017,30.4,3.54444,4.63943,70.6886,0,18.2
03/01/2017,35.8,3.54444,2.5,70.6886,0,17
04/01/2017,31.8,3.54444,6,70.6886,0,20.4
05/01/2017,33.8,3.54444,6,70.6886,0,17.8
06/01/2017,36.2,3.54444,6,70.6886,9.4,19.4
07/01/2017,35.2,3.54444,4.2,70.6886,0,17
09/01/2017,32.2,3.54444,14,70.6886,49,17
10/01/2017,32.2,3.54444,5.5,70.6886,0,18.6
11/01/2017,31.4,3.54444,1.9,70.6886,0,17.2
12/01/2017,31.8,3.54444,1.6,70.6886,15.4,16.2
13/01/2017,30.4,3.54444,1.5,70.6886,0,18.4
14/01/2017,30.4,3.54444,4.5,70.6886,0,18.6
16/01/2017,27.6,3.54444,4.63943,70.6886,1,17.4
17/01/2017,29.4,3.54444,1.4,70.6886,0,19
18/01/2017,28.8,3.54444,1,70.6886,1.5,18.2
19/01/2017,24.6,3.54444,1.1,70.6886,7.5,18.6
20/01/2017,25.8,3.54444,1,70.6886,0,16.8
21/01/2017,25.8,3.54444,0.9,70.6886,46,16.8
23/01/2017,31.2,3.54444,6,70.6886,37,17.6
24/01/2017,33.2,3.54444,1,70.6886,0,17.2
25/01/2017,31.8,3.54444,1.6,70.6886,5.4,17
26/01/2017,30,3.54444,0.4,82.75,9,17.6
27/01/2017,31,3.54444,1.4,75.75,13.5,17.6
28/01/2017,34,3.54444,0.4,78.5,33,17.4
29/01/2017,33.4,3.54444,0.6,71,18.2,16.8
30/01/2017,33.2,3.54444,4,74.75,10.4,15.8
31/01/2017,33,3.54444,4.5,65.5,0,15.8
01/02/2017,32.4,3.54444,6,72,0.4,16.1138
02/02/2017,31.6,3.54444,3,83.25,0,16.6
03/02/2017,32.2,3.54444,3,77.5,0,17.6
04/02/2017,34,3.54444,3,67.25,39,16
05/02/2017,35.4,3.54444,2,63.5,26,17.4
06/02/2017,32.8,3.54444,5.2,86,7.4,16.6
07/02/2017,35.6,3.54444,1.8,65.75,0,17.2
08/02/2017,35,3.54444,3.2,66.25,47,15.8
09/02/2017,34.2,3.54444,3.8,62.5,0,20
10/02/2017,35.4,3.54444,1,56.5,8,17.2
11/02/2017,34.4,3.54444,6,59.5,1,16.8
12/02/2017,33.2,3.54444,4.5,76.5,33,16.8
13/02/2017,30.4,3.54444,2.9,80,0,18.2
14/02/2017,33.8,3.54444,4.5,59.75,0,17.8
15/02/2017,35,3.54444,7.5,54.5,0,19.6
16/02/2017,35,3.54444,1,66.5,0,18.8
17/02/2017,33.8,3.54444,7,70.25,6.4,18.4
18/02/2017,34,3.54444,10,70,0,17.4
19/02/2017,35.2,3.54444,3,66.25,0,17.8
20/02/2017,36,3.54444,2,56.5,0,18.2
21/02/2017,34.8,3.54444,1,56.25,0,19.2
22/02/2017,35.4,3.54444,4,56.25,0,19
23/02/2017,34,3.54444,8,55.5,4.2,18.6
24/02/2017,31.6,3.54444,7,73.5,3,18.8
25/02/2017,35.2,3.54444,3.5,79,0,19
26/02/2017,30.8,3.54444,3,85.5,0,19.6
27/02/2017,31.2,3.54444,2.1,79.5,0,17
28/02/2017,32.4,3.54444,4,69.75,11,16.4
01/03/2017,29.6,3.54444,5.5,82,0,18.6
02/03/2017,33.2,3.54444,3,63.25,0,17.8
03/03/2017,32.6,3.54444,6,80,0,18.6
04/03/2017,32.4,3.54444,4,86,0,20.2
05/03/2017,31.8,3.54444,3,84.75,0,19.6
06/03/2017,31.2,3.54444,2.4,82.25,2.5,16.6
07/03/2017,33.6,3.54444,1.8,75.25,19,16.2
08/03/2017,35.6,3.54444,3.8,63.25,1,16.4
09/03/2017,35.2,3.54444,5,63.75,0.8,17
10/03/2017,35.2,3.54444,4,73.5,1,17
11/03/2017,33.8,3.54444,4.2,73,0,17.6
12/03/2017,35,3.54444,4.4,64,2.5,19.2
13/03/2017,32.6,3.54444,6.4,76.5,0,19.6
14/03/2017,35.6,3.54444,4.5,66.25,37,16.2
15/03/2017,34,3.54444,5.7,71.25,0,17.6
16/03/2017,33.8,3.54444,4.8,66,9,17.2
17/03/2017,33.2,3.54444,5,69.25,0,18.2
18/03/2017,28.6,3.54444,5,81.25,0,19.5
19/03/2017,28.6,3.54444,5,81.25,0,19
20/03/2017,33.8,3.54444,5,69.75,0,20
21/03/2017,32,3.54444,5,67.25,1.5,17.2
22/03/2017,33.4,3.54444,3,69.5,0,18.4
23/03/2017,33.2,3.54444,3,77.75,0,18.2
24/03/2017,34.6,3.54444,2,59,0,17
25/03/2017,35.4,3.54444,2.8,72.5,0,18.6
26/03/2017,32.2,3.54444,0.4,68.5,0,16.6
27/03/2017,29.6,3.54444,3.8,82.5,0,18.6
28/03/2017,30.8,3.54444,2.4,71,0,17
29/03/2017,30.6,3.54444,4,69.5,0,17
30/03/2017,30.6,3.54444,4,72.25,0,15.2
31/03/2017,32.4,3.54444,13,62.25,0,13.6
01/04/2017,30.2,3.54444,3.8,61.75,0,14.2
02/04/2017,31.6,3.54444,1.2,58.5,0,17
03/04/2017,32.2,3.54444,2,70.6886,1,17.4
04/04/2017,32.8,3.54444,2,70.6886,0,18.8
05/04/2017,32.2,3.54444,6,70.6886,0,17.4
06/04/2017,31.4,3.54444,5,70.6886,45,18.2
07/04/2017,31.2,3.54444,5,70.6886,0,14.6
08/04/2017,31.6,3.54444,0.2,70.6886,0,14.2
10/04/2017,32.6,3.54444,4.63943,70.6886,0,12.6
11/04/2017,34.2,3.54444,4.2,70.6886,0,12.4
12/04/2017,32.2,3.54444,3.8,70.6886,0,10.6
13/04/2017,31.4,3.54444,6,70.6886,0,10.2
14/04/2017,32.6,3.54444,1,70.6886,0,10.8
15/04/2017,32.2,3.54444,0,70.6886,0,17.6
17/04/2017,28.2,3.54444,8,70.6886,0,20.8
18/04/2017,30.8,3.54444,4,70.6886,5.4,17.2
19/04/2017,32.2,3.54444,2,70.6886,2,18.6
20/04/2017,31,3.54444,4,70.6886,0,18.2
21/04/2017,26,3.54444,4,70.6886,0,17.2
22/04/2017,27.2,3.54444,2,70.6886,0,18.4
24/04/2017,30.6,3.54444,9,70,0,17.4
25/04/2017,32.4,3.54444,4,69.75,15,14
26/04/2017,29.2,3.54444,5,92.5,0,14.2
27/04/2017,24.8,3.54444,2,90,0,16.2
28/04/2017,25,3.54444,1,89,0,16.1138
29/04/2017,28.6,3.54444,1.2,80.5,0,14.6
30/04/2017,30.2,3.54444,2.2,81.5,0,13
01/05/2017,29.6,3.54444,3.6,71.75,0,17.2
02/05/2017,30.8,3.54444,4.6,68.25,20,16
03/05/2017,31.2,3.54444,4.2,69.75,14,12.8
04/05/2017,31,3.54444,6.2,66.75,0,16.1138
05/05/2017,28.4,3.54444,5,87,0,14.8
06/05/2017,28.4,3.54444,1.8,75.75,0,18.6
07/05/2017,29.6,3.54444,2,72.75,25.8,14.2
08/05/2017,30.6,3.54444,3,66.5,0,10.6
09/05/2017,31.2,3.54444,4.2,57,0,10.4
10/05/2017,31,3.54444,4.8,60.75,0,12.2
11/05/2017,30.4,3.54444,4,70,0,14.4
12/05/2017,32.2,3.54444,8,70.75,0,15.4
13/05/2017,32.2,3.54444,4.4,62.5,0,16.2
14/05/2017,31.2,3.54444,4.2,77.25,0,16.2
15/05/2017,30,3.54444,1.8,79,0.6,13.8
16/05/2017,30,3.54444,3.5,74,7,12.8
17/05/2017,29.6,3.54444,1.5,76.5,0,11.2
18/05/2017,30.8,3.54444,2.4,77,0,11.2
19/05/2017,29.2,3.54444,3.6,88,0,13
20/05/2017,25,3.54444,2,90.5,0,14.6
21/05/2017,29,3.54444,2,87.75,0,13.2
22/05/2017,27.8,3.54444,1,88,0,11.8
23/05/2017,29.4,3.54444,2,74.25,0,15.8
24/05/2017,32,3.54444,2,75.75,0,16.2
25/05/2017,31.6,3.54444,4,73,0,17
26/05/2017,32.6,3.54444,4,68.25,13,15.6
27/05/2017,31,3.54444,4,67.5,0,14
28/05/2017,29.6,3.54444,4.4,64,0,14
29/05/2017,30.4,3.54444,3.8,68.25,8,13.4
30/05/2017,30.4,3.54444,4.4,66.5,46,13
31/05/2017,29.8,3.54444,3.4,74,6,15.2
01/06/2017,24,3.54444,4.2,89,28,16
02/06/2017,24.4,3.54444,1.2,80,0,14
03/06/2017,30.4,3.54444,1.6,59.75,0,15.2
04/06/2017,32.6,3.54444,6,61,0,15.2
05/06/2017,32.8,3.54444,2,74.25,0,17
06/06/2017,32.2,3.54444,1,64.5,0,16.4
07/06/2017,32.2,3.54444,5,58.5,0,15.4
08/06/2017,31.6,3.54444,7,64,0,15.8
09/06/2017,28.4,3.54444,5,84.5,0,15.4
10/06/2017,26,3.54444,2,63.5,0,13.2
11/06/2017,27.2,3.54444,4,58.5,0,12.8
12/06/2017,24.8,3.54444,3.4,89.5,0,8.6
13/06/2017,29.6,3.54444,1.6,84.5,0,10.8
14/06/2017,29.4,3.54444,2.2,71,0,14.8
15/06/2017,28.6,3.54444,2.8,65.25,0,16.8
16/06/2017,29.2,3.54444,1,57.25,0,16.4
17/06/2017,30.2,3.54444,6,55.75,0,16.4
18/06/2017,30,3.54444,6.6,62.75,0,15.6
19/06/2017,31.2,3.54444,3.4,55,0,10.8
20/06/2017,28.8,3.54444,7,80.25,0,4.1
21/06/2017,28.8,3.54444,0.8,68,0,4.6
22/06/2017,28.2,3.54444,3.2,61.75,0.6,9.4
23/06/2017,28.2,3.54444,2,60.5,4,9.4
24/06/2017,28.8,3.54444,6,56.5,0,12.4
25/06/2017,28.8,3.54444,4,55.5,0,9.4
26/06/2017,28,3.54444,6,57.25,0,12.4
27/06/2017,28.4,3.54444,6,52.5,0,14.6
28/06/2017,28.6,3.54444,6.2,52.75,0,13.4
29/06/2017,28.3,3.54444,5.2,59.5,0,16.2
30/06/2017,28.2,3.54444,5.6,58.5,0,11.8
01/07/2017,29.4,3.54444,0.8,59.5,0,9.2
02/07/2017,26.4,3.54444,4,68.5,0,11.8
03/07/2017,26.2,3.54444,2,55.75,0,12
04/07/2017,25.6,3.54444,6,51.25,0,13.2
05/07/2017,25,3.54444,2,53.5,0,11.8
06/07/2017,26.2,3.54444,9,57,0,11.2
07/07/2017,27,3.54444,6,51.5,0,11.4
08/07/2017,28.8,3.54444,5,50.75,0,13
09/07/2017,28.2,3.54444,4.6,56.5,0,10.6
10/07/2017,28.4,3.54444,7.6,62,0,12.8
11/07/2017,29.4,3.54444,5.4,55.75,0,11.4
12/07/2017,29.6,3.54444,5,52.25,0,8.6
13/07/2017,29.6,3.54444,6.8,50.75,0,6.8
14/07/2017,29.2,3.54444,3.2,56.5,0,6.8
15/07/2017,28.4,3.54444,14,53.5,0,7.4
16/07/2017,29.6,3.54444,3,59.5,0,9.4
17/07/2017,30.6,3.54444,3,62.25,0,11.8
18/07/2017,27,3.54444,7,81,0,11.8
19/07/2017,25,3.54444,1.6,68.5,0,10.8
20/07/2017,29.4,3.54444,1.2,60,0,11.6
21/07/2017,30,3.54444,7.2,58,0,12.4
22/07/2017,30,3.54444,6.7,52.5,0,9.6
23/07/2017,31.2,3.54444,6.7,54.5,0,13
24/07/2017,29,3.54444,3.4,49.5,0,12
25/07/2017,29.8,3.54444,8,52.75,0,10.8
26/07/2017,29.2,3.54444,7.4,46.75,0,12.6
27/07/2017,29.2,3.54444,7,52.25,0,11.6
28/07/2017,29,3.54444,7,50.5,0,4.4
29/07/2017,28.6,3.54444,3,56.75,0,4.4
30/07/2017,28.4,3.54444,8,51,0,6.2
31/07/2017,27.8,3.54444,8,63.5,0,7.4
01/08/2017,29,3.54444,6,52.5,0,12.8
02/08/2017,30.2,3.54444,7,56.25,0,12
03/08/2017,26.4,3.54444,5,71.75,0,11.6
04/08/2017,29.6,3.54444,4.8,67.25,0,13
05/08/2017,27.6,3.54444,2.2,65,0,13
06/08/2017,29,3.54444,6,55,0,11.4
07/08/2017,32.4,3.54444,3,46.25,0,11.6
08/08/2017,34,3.54444,8.6,49,0,11.8
09/08/2017,35.4,3.54444,8.4,47.5,0,12.8
10/08/2017,36.4,3.54444,9.8,42.25,0,11.2
11/08/2017,35.2,3.54444,7,37.25,0,11.2
12/08/2017,35.6,3.54444,11,44,0,11.6
13/08/2017,33.6,3.54444,5,61.5,0,11.2
14/08/2017,30.4,3.54444,4,72.75,0,5.2
15/08/2017,27,3.54444,8,72.5,0,5.2
16/08/2017,25.6,3.54444,5,81,0,5.4
17/08/2017,22.8,3.54444,2,95,0,8.2
18/08/2017,23.4,3.54444,2,88.75,0,14.6
19/08/2017,31.8,3.54444,1,71,0,13.8
20/08/2017,31,3.54444,3.6,82.5,0,15.4
21/08/2017,26.4,3.54444,1.4,83,0,12.6
22/08/2017,30.8,3.54444,3.2,62,0,16
23/08/2017,32.4,3.54444,5.2,50.25,0,17.6
24/08/2017,32,3.54444,8.4,47.5,0,16
25/08/2017,32.6,3.54444,8.2,46.75,0,13.8
26/08/2017,34.2,3.54444,8,39.75,0,13.2
27/08/2017,34.2,3.54444,2,40.75,2.6,13
28/08/2017,34.8,3.54444,4.63943,37.25,12.3,12.8
29/08/2017,35.8,3.54444,8,38.5,3.2,13.2
30/08/2017,37.2,3.54444,9,40.5,0,14.4
31/08/2017,36,3.54444,7,47.75,7,12
01/09/2017,35,3.54444,9,53.75,0,10
02/09/2017,34.2,3.54444,9,48,0,13.6
03/09/2017,33.6,3.54444,10,35,0,15.4
04/09/2017,32.8,3.54444,9,40.75,0,12
05/09/2017,33.6,3.54444,12,38.5,0,15.4
06/09/2017,34.2,3.54444,8,40.75,0,16.2
07/09/2017,35.4,3.54444,13.4,42,0,14
08/09/2017,36.4,3.54444,6.6,35.75,0,15.4
09/09/2017,36.4,3.54444,13,35.25,0,15.2
10/09/2017,35,3.54444,13,35.5,0,16
11/09/2017,37.6,3.54444,13,36.25,0,11
12/09/2017,36.8,3.54444,10,36.5,0,15.6
13/09/2017,35.2,3.54444,14,41,0,14.2
14/09/2017,36.4,3.54444,6,41.75,0,13.4
15/09/2017,36.6,3.54444,14,33.75,0,13.6
16/09/2017,37.4,3.54444,8,33.5,0,14.6
17/09/2017,36,3.54444,13.4,39.5,0,15.6
18/09/2017,36.8,3.54444,8.6,35.75,0,17
19/09/2017,36.8,3.54444,11,43.5,0,17
20/09/2017,36.4,3.54444,10,34.75,0,16.2
21/09/2017,35.8,3.54444,13,37.5,0,16.9
22/09/2017,35.2,3.54444,9,40,0,18
23/09/2017,35.2,3.54444,12,39.25,0,18.2
24/09/2017,35.6,3.54444,8,45.5,0,16.4
25/09/2017,35.2,3.54444,9,42.25,0,18
26/09/2017,35,3.54444,10,40.25,0,17.4
27/09/2017,36.8,3.54444,9,43.25,0,17
28/09/2017,36.8,3.54444,10,49,0,16.4
29/09/2017,34.6,3.54444,8,72,0,17.6
30/09/2017,31.8,3.54444,4,97.25,0,18.2
01/10/2017,33.6,3.54444,2.6,59.5,0,17.4
02/10/2017,29.6,3.54444,2,93,0,16.4
03/10/2017,25.6,3.54444,1,71.75,0,16
04/10/2017,30.6,3.54444,4,54.75,0,14.8
05/10/2017,36.2,3.54444,7,52.75,0,13.6
06/10/2017,36.8,3.54444,10,45.25,0,16
07/10/2017,31.4,3.54444,11,72.5,0,16
08/10/2017,34.4,3.54444,4.4,58.5,0,16.8
09/10/2017,38.4,3.54444,6.6,50.5,0,14.8
10/10/2017,39,3.54444,11,41,1,13.4
11/10/2017,39.4,3.54444,8,50.5,8,12.6
12/10/2017,39.4,3.54444,10,36.5,43.5,11.8
13/10/2017,39.8,3.54444,12,37.5,5,11.8
14/10/2017,38.6,3.54444,16,45.5,0,10.4
15/10/2017,36.6,3.54444,11,57,0,14.2
16/10/2017,37.2,3.54444,4.6,54.5,0,19.6
17/10/2017,38.2,3.54444,7.6,37.75,0,16
18/10/2017,37.2,3.54444,8.4,40.25,0,15.2
19/10/2017,37,3.54444,13.4,39,0,17.2
20/10/2017,34.6,3.54444,19,56.75,0,18.4
21/10/2017,35.6,3.54444,8,49.75,0,20.8
22/10/2017,28.4,3.54444,7,89.5,0,20.2
23/10/2017,27.4,3.54444,1,82.75,0,20.2
24/10/2017,34.4,3.54444,3,67.75,0,19
25/10/2017,37.6,3.54444,5,53.25,0,16.4
26/10/2017,37.2,3.54444,8,54.25,0,13.6
27/10/2017,37,3.54444,8,72.75,0,15.6
28/10/2017,33.6,3.54444,5.2,71.5,0,20.2
29/10/2017,31.2,3.54444,3.8,77.25,0,19.6
30/10/2017,31.2,3.54444,3,89,0,16.4
31/10/2017,30,3.54444,2,75.75,0,18.6
01/11/2017,31.8,3.54444,3,59.75,10,14.2
02/11/2017,33.4,3.54444,4.8,58,0,13.4
03/11/2017,33.2,3.54444,4.8,74.75,0,12.8
04/11/2017,31.4,3.54444,4.6,84,0,14.6
05/11/2017,27.2,3.54444,4,84.25,0,16.8
06/11/2017,30.4,3.54444,2,78.5,4,16.4
07/11/2017,32.4,3.54444,2.2,77,20,14.4
08/11/2017,32.8,3.54444,4.8,76.5,14.2,15.4
09/11/2017,31.8,3.54444,3,68.25,0,14.8
10/11/2017,32.4,3.54444,4.4,64.25,20,14
11/11/2017,31.8,3.54444,1.8,66,0,13.2
12/11/2017,33.2,3.54444,7,65.5,0,12.6
13/11/2017,33.6,3.54444,7.5,46.5,0,18
14/11/2017,35.4,3.54444,7.7,45.25,49,15.4
15/11/2017,36.8,3.54444,8,50.5,34,15.4
16/11/2017,35.8,3.54444,9.4,51.75,0,17.4
17/11/2017,32.6,3.54444,8,62.25,0,13
18/11/2017,31,3.54444,5,82.5,0,15.6
19/11/2017,30.6,3.54444,2,75.5,1.2,16
20/11/2017,33.3,3.54444,2,70.5,0,17.2
21/11/2017,31.2,3.54444,2,77.5,0,18.2
22/11/2017,26.4,3.54444,6,88.75,0,14.2
23/11/2017,31.4,3.54444,1,74.5,0,14
24/11/2017,34.6,3.54444,3,64.25,0,12
25/11/2017,35.6,3.54444,5.2,67,0,14.4
26/11/2017,33.2,3.54444,3,85.5,0,19.8
27/11/2017,29.8,3.54444,3,84.5,1.5,15.8
28/11/2017,31.4,3.54444,2.8,77.5,3,15.4
29/11/2017,32.8,3.54444,3.2,65,13.5,15.2
30/11/2017,30.2,3.54444,4,83.5,0,17.4
01/12/2017,27,3.54444,2.2,91.75,0,17.6
02/12/2017,29.2,3.54444,0.8,82,53,16.4
03/12/2017,32.6,3.54444,2,69,0,15.6
04/12/2017,34.4,3.54444,4,71.75,0,14.8
05/12/2017,33,3.54444,5,74.75,0,18
06/12/2017,30.2,3.54444,1,86,11.2,16.4
07/12/2017,29.6,3.54444,1,87,13,15.2
08/12/2017,31.8,3.54444,2,90.75,33.6,15.2
09/12/2017,32.2,7.2,2,71.25,0,15.6
10/12/2017,33,3.54444,4.2,73,0,15.6
11/12/2017,34.2,3.54444,3.8,57.25,29,14.6
12/12/2017,34.2,3.54444,4,61.5,6,15.4
13/12/2017,33.6,3.54444,7,69.25,0,16.4
14/12/2017,32,3.54444,6,57,0,17.4
15/12/2017,33.8,3.54444,6,58.75,4,17.8
16/12/2017,33.4,3.54444,2,58,16,17.6
17/12/2017,34.4,3.54444,10.2,60,40,17.4
18/12/2017,32.2,3.54444,3.8,74.25,1,17.6
19/12/2017,34.8,3.54444,4,56.5,10.2,18
20/12/2017,32.4,3.54444,5.2,79,0,18.2
21/12/2017,28,3.54444,3.8,82.5,0,18.2
22/12/2017,28.4,3.54444,2,81,0,15.8
23/12/2017,31,3.54444,2.6,83,0,17.6
24/12/2017,33.6,3.54444,2,65.5,0,17.6
25/12/2017,31.6,3.54444,4,81.75,0,18.2
26/12/2017,33,3.54444,1.2,70.6886,0,17.8
27/12/2017,34,3.54444,3.2,70.6886,0,18.4
28/12/2017,35,3.54444,3.2,70.6886,70,16
29/12/2017,33.6,3.54444,5.2,70.6886,4.4,18
30/12/2017,30.2,3.54444,2.2,70.6886,0,19.2
01/01/2018,32.2,3.54444,4.63943,70.6886,0,16
02/01/2018,31.8,3.54444,4.63943,70.6886,1.2,16.4
03/01/2018,30.8,3.54444,2.2,70.6886,1,17.2
04/01/2018,32.2,3.54444,2.4,70.6886,0,17.2
05/01/2018,33.2,3.54444,3.8,70.6886,21,15.6
06/01/2018,30.6,3.54444,3.2,70.6886,13,15.2
07/01/2018,28.4,3.54444,2,70.6886,14,15.4
08/01/2018,27.2,3.54444,0.8,70.6886,0,17.6
09/01/2018,28,3.54444,2.4,70.6886,5.4,17.2
10/01/2018,32,3.54444,2,70.6886,8.6,17.2
11/01/2018,32,3.54444,3.8,70.6886,43,16.1138
12/01/2018,29.4,3.54444,2.2,70.6886,38,15.4
15/01/2018,32.6,3.54444,4.63943,70.6886,3.4,16.4
16/01/2018,31,3.54444,4,70.6886,12.6,16.4
17/01/2018,33.6,3.54444,2.8,70.6886,0,16.2
18/01/2018,32.8,3.54444,3.4,70.6886,0,18
19/01/2018,34.6,3.54444,3.4,70.6886,15,15.4
20/01/2018,36.4,3.54444,2.4,70.6886,4.2,16
22/01/2018,36.8,3.54444,4.63943,70.6886,44.2,16.2
23/01/2018,37.2,3.54444,8,70.6886,52,15.2
24/01/2018,36.6,3.54444,7.2,70.6886,0,16.4
25/01/2018,34.8,3.54444,7,77.25,0,17
26/01/2018,33.6,3.54444,6,73.75,2.6,14.6
27/01/2018,33.6,3.54444,4.4,76.5,32,16.1138
28/01/2018,33.4,3.54444,4.8,80,0,16.4
29/01/2018,32.4,3.54444,4.2,78.75,0,16.8
30/01/2018,29.4,3.54444,2.2,86.75,0,19
31/01/2018,29.6,3.54444,2,83.25,0,16.8
01/02/2018,33.8,3.54444,2.4,67.25,0,17.8
02/02/2018,33.4,3.54444,5.2,72,0,21
03/02/2018,34.4,3.54444,1.4,70.75,0,19.8
04/02/2018,32,3.54444,2,76,0,19.4
05/02/2018,33.4,3.54444,3.4,81,0,16.8
06/02/2018,32.6,3.54444,1,70.25,0,16.2
07/02/2018,31.8,3.54444,7,74,3,16.4
08/02/2018,33.6,3.54444,4,69.25,0,18.6
09/02/2018,34.6,3.54444,5,61,3.2,18
10/02/2018,32.4,3.54444,6.2,83.5,4.4,17.8
11/02/2018,33.2,3.54444,2.2,76,0,17.4
12/02/2018,33,3.54444,3.8,75.25,1.4,14.4
13/02/2018,31,3.54444,3.4,90,0,15.2
14/02/2018,27,3.54444,2.8,84.5,0,16.8
15/02/2018,33.2,3.54444,2.3,78.5,0,14.6
16/02/2018,33.4,3.54444,3.5,76,25,14
17/02/2018,33,3.54444,4,73.5,0,16.6
18/02/2018,28.8,3.54444,4,87.75,0,17.4
19/02/2018,30.6,3.54444,0.2,86.75,9.6,15.6
20/02/2018,28.4,3.54444,2.6,85.75,0,16.8
21/02/2018,31.4,3.54444,1.9,74.5,32,16.2
22/02/2018,33,3.54444,4.9,67.5,0,17
23/02/2018,34,3.54444,5,66,0,17.8
24/02/2018,32,3.54444,4.6,79.5,0,16.4
25/02/2018,31.6,3.54444,2.4,85.5,30,14.8
26/02/2018,28.8,3.54444,2.4,96,0,14.6
27/02/2018,31.8,3.54444,0.6,86.25,0,14.6
28/02/2018,32.4,3.54444,2,74.75,0,14.2
01/03/2018,34,3.54444,3.4,71.5,0.4,15.4
02/03/2018,32.4,3.54444,2.6,73.25,13,15.4
03/03/2018,34.4,3.54444,5,69.75,18,15.4
04/03/2018,35,3.54444,3,59,5.8,16.4
05/03/2018,35.2,3.54444,8,75.75,0,16.2
06/03/2018,33.4,3.54444,5,81,0,14.8
07/03/2018,33.4,3.54444,2.4,72.75,0,15.4
08/03/2018,32.8,3.54444,0.6,78.5,2.4,16.6
09/03/2018,32.6,3.54444,3.6,84.5,3.4,16
10/03/2018,31.4,3.54444,1.6,87.5,8,15.4
11/03/2018,32.4,3.54444,2,76.5,9,16.2
12/03/2018,35,3.54444,4.8,68.25,0,16.6
13/03/2018,35.4,3.54444,4,70.6886,0,17.4
14/03/2018,36,3.54444,4.4,70.6886,0,18
15/03/2018,34.2,3.54444,5,70.6886,0,16.6
16/03/2018,34.6,3.54444,8,70.6886,0,18
17/03/2018,35,3.54444,6,69,0,18
18/03/2018,35.4,3.54444,4,68.75,1,16.4
19/03/2018,35,3.54444,7,64,0,17.2
20/03/2018,34.2,3.54444,4,79.25,16.2,17.4
21/03/2018,35.2,3.54444,3,70.6886,20.4,16.6
22/03/2018,34.8,3.54444,1.8,70.6886,11.2,17.4
23/03/2018,34.8,3.54444,7,70.6886,0,18.2
24/03/2018,33.6,3.54444,5.4,71,0,19.2
25/03/2018,32.8,3.54444,9.4,79,0,20
26/03/2018,31.4,3.54444,4,81,0,20
27/03/2018,31.4,3.54444,2.4,80.75,0,19.4
28/03/2018,33,3.54444,3.8,61,0,18
29/03/2018,33.4,3.54444,4.8,59.75,0,18.2
30/03/2018,34,3.54444,6.6,56.25,0,18.4
31/03/2018,29,3.54444,6.4,80.25,0,19
01/04/2018,31.4,3.54444,4,91.75,0,17.4
02/04/2018,29.6,3.54444,1,86.75,0,16.8
03/04/2018,30.8,3.54444,2,78,0,18.8
04/04/2018,32.2,3.54444,1,74.5,0,19.4
05/04/2018,32.6,3.54444,2,66.25,0,17.4
06/04/2018,33.4,3.54444,9,64,0.6,16.4
07/04/2018,33.6,3.54444,5,63,12,15.4
08/04/2018,33.2,3.54444,4,67.5,0,16.6
09/04/2018,33.2,3.54444,3.6,46.75,0,15.6
10/04/2018,33.2,3.54444,4,64,0,16
11/04/2018,33,3.54444,7.2,50.5,0,17.4
12/04/2018,32,3.54444,7,67.75,0,17.2
13/04/2018,32.2,3.54444,4.2,67.75,5.4,16.2
14/04/2018,32.4,3.54444,3.8,66.75,0,15.6
15/04/2018,26.8,3.54444,3,86.25,0,15.6
16/04/2018,28.4,3.54444,10,78.5,0,14.2
17/04/2018,27.8,3.54444,2,71,0,15.2
18/04/2018,30,3.54444,3,69.5,0,14.8
19/04/2018,30,3.54444,1,66.5,0,14.4
20/04/2018,31,3.54444,4,60.5,0,16
21/04/2018,30.2,3.54444,6.2,56.5,0,16.4
22/04/2018,30.8,3.54444,4.8,61,0,16.4
23/04/2018,32,3.54444,5,63,0,15.6
24/04/2018,32.2,3.54444,4.2,55.25,0,11.6
25/04/2018,32.4,3.54444,5.8,60.75,0,16.2
26/04/2018,32.8,3.54444,2.2,61.25,34,14.8
27/04/2018,33.4,3.54444,2,60.25,0,13
28/04/2018,32.2,3.54444,4.8,63.75,0,17.4
29/04/2018,32.6,3.54444,2.2,59.5,0,19
30/04/2018,32.8,3.54444,8,58.5,0,20
01/05/2018,33.6,3.54444,7,54.75,0,17.4
02/05/2018,32.4,3.54444,7.6,61,0,17.8
03/05/2018,33.2,3.54444,8.6,59.5,0,13.4
04/05/2018,34,3.54444,8,60.75,0,18.6
05/05/2018,34.4,3.54444,6.2,58,0,17
06/05/2018,33.6,3.54444,8,59.5,0,18.8
07/05/2018,31.8,3.54444,5.2,66,0,19.6
08/05/2018,31.4,3.54444,4.8,57,0,20.4
09/05/2018,31,3.54444,5.4,57.75,0,20.4
10/05/2018,31,3.54444,6.6,56.75,0,20.4
11/05/2018,32,3.54444,4.2,60.75,0,20
12/05/2018,30.4,3.54444,2,74.75,0,17.8
13/05/2018,29.8,3.54444,6,74,0,20
14/05/2018,31.4,3.54444,5,67.5,0,20
15/05/2018,32.2,3.54444,5,64.75,0,20.2
16/05/2018,30.6,3.54444,2.2,76.75,0,20.2
17/05/2018,29.8,3.54444,9,70,0,20.4
18/05/2018,32.4,3.54444,4,64.5,0,16.4
19/05/2018,28.4,3.54444,3.4,85,0,17.4
20/05/2018,27.4,3.54444,2.6,71,0,17.8
21/05/2018,25.4,3.54444,0.6,61.25,0,18.4
22/05/2018,28.6,3.54444,7.8,58,0,18.8
23/05/2018,28,3.54444,3.2,54.75,0,13.6
24/05/2018,30.8,3.54444,5,57.25,0,12.8
25/05/2018,30,3.54444,5,62.5,0,13.8
26/05/2018,30,3.54444,2.8,54,0,18.6
27/05/2018,30,3.54444,5,50.25,0,15.6
28/05/2018,29,3.54444,7,52.25,4.6,15.4
29/05/2018,29.2,3.54444,7.6,53.25,0,18.6
30/05/2018,28.8,3.54444,3.8,60.75,5,9.6
31/05/2018,29.4,3.54444,7,58,5.4,7.4
01/06/2018,30.2,3.54444,7.8,68.75,0,9.2
02/06/2018,30.6,3.54444,6.4,63,0,7.4
03/06/2018,30.4,3.54444,6.2,77,0,7
04/06/2018,29,3.54444,2.6,74.5,0,6.8
05/06/2018,30.4,3.54444,4.2,69.75,0,10
06/06/2018,27.6,3.54444,4.2,77.5,0,12
07/06/2018,27.8,3.54444,2.6,75.75,0,13.6
08/06/2018,24.4,3.54444,3.2,77,0,12.2
09/06/2018,27,3.54444,3,65.5,0,13.4
10/06/2018,32.4,3.54444,3,56.5,0,12.8
11/06/2018,31.6,3.54444,6,63.5,0,12.8
12/06/2018,32,3.54444,1,66.25,0,13.2
13/06/2018,31.6,0,7,77.25,0,14
14/06/2018,29.6,3.54444,3,70,0,13
15/06/2018,28.6,3.54444,3,73.5,0,11.6
16/06/2018,27.6,3.54444,3.5,74.5,0,11
17/06/2018,28.8,3.54444,1.8,74,0,13.2
18/06/2018,28,3.54444,2,70.75,0,13.8
19/06/2018,29.6,3.54444,5.4,56,0,9.6
20/06/2018,29.6,3.54444,5.8,54,0,11.2
21/06/2018,30.8,3.54444,7,50.75,0,14.2
22/06/2018,31.2,3.54444,7.8,52,0,17.6
23/06/2018,30.6,3.54444,1,53,0,17
24/06/2018,32.6,3.54444,8.2,49.25,1,16
25/06/2018,32,3.54444,4.8,54.5,0,12.4
26/06/2018,32.4,3.54444,4,52.5,0,11.6
27/06/2018,32.8,3.54444,9,45.5,0,10.6
28/06/2018,31.8,3.54444,3,45.5,0,9.4
29/06/2018,31.6,3.54444,3,49.5,0,11.4
30/06/2018,31.4,3.54444,2,56.5,0,10.6
01/07/2018,31.6,3.54444,8.2,55.5,0,13.8
02/07/2018,32.6,3.54444,7.2,51,0,13.6
03/07/2018,32.4,3.54444,7.4,52.75,0,13
04/07/2018,32.4,3.54444,6.6,48.5,0,16.4
05/07/2018,32.4,3.54444,8.2,50.25,0,17
06/07/2018,30.8,3.54444,9,49.5,0,13.8
07/07/2018,31,3.54444,4,52.25,0,14
08/07/2018,32.2,3.54444,3,49.5,0,14.6
09/07/2018,26.2,3.54444,4,80.25,0,17.4
10/07/2018,22.8,3.54444,5,67,0,14.8
11/07/2018,24,3.54444,5,56.25,0,14.2
12/07/2018,27.4,3.54444,3,56,0,17.8
13/07/2018,31,3.54444,6,50.5,0,15.2
14/07/2018,32,3.54444,7.2,45.5,0,14.8
15/07/2018,33.4,3.54444,6.6,51.5,0,12.2
16/07/2018,33,3.54444,9.2,47.75,0,14.8
17/07/2018,31.4,3.54444,8.4,44.75,0,14.2
18/07/2018,31.8,3.54444,9,51,0,13.8
19/07/2018,32,5.2,8.4,50.25,0,13.4
20/07/2018,32.2,5.4,8.8,54,0,11.8
21/07/2018,31.6,5.5,6.2,55,0,8.4
22/07/2018,31.8,3.54444,5,53.5,0,4.8
23/07/2018,31.8,3.54444,7,50.25,0,4.8
24/07/2018,30.4,3.54444,1,55.5,0,9.6
25/07/2018,30.4,3.54444,6,47.5,0,14.6
26/07/2018,30.8,3.54444,6.2,49,0,15.6
27/07/2018,31.2,3.54444,3.8,50.5,0,14.2
28/07/2018,31.8,3.54444,9,52,0,14.2
29/07/2018,33.6,3.54444,8.2,52.5,0,14.6
30/07/2018,33.4,3.54444,10,46.5,0,14.6
31/07/2018,30.6,3.54444,6,62.5,0,14.8
01/08/2018,28.4,3.54444,6.2,66.25,0,12.4
02/08/2018,31,3.54444,5.4,65.75,0,11.8
03/08/2018,28,3.54444,3.6,66.75,0,15.2
04/08/2018,27.8,3.54444,4,81.5,0,16
05/08/2018,27.6,3.54444,0.8,70.6886,0,11.2
06/08/2018,21,3.54444,3.2,96.75,0,15.2
07/08/2018,26.6,3.54444,2,90.5,0,14.4
08/08/2018,31.8,3.54444,3,85.75,0,14.6
09/08/2018,29.8,3.54444,1,89.5,0,14.8
10/08/2018,27,3.54444,7,85,0,14.6
11/08/2018,26,3.54444,3.2,82.5,2,13.4
12/08/2018,29.4,3.54444,6.4,78,0,13
13/08/2018,31,3.54444,6,78,0,12.6
14/08/2018,33.8,3.54444,4.6,74,0,12.6
15/08/2018,33.6,3.54444,7.6,68.75,4,12.8
16/08/2018,24,3.54444,8.4,68.25,0,14.4
17/08/2018,30.6,3.54444,3.8,74.5,0,12.6
18/08/2018,32,3.54444,2.8,70.75,8.8,11.8
19/08/2018,33,3.54444,3.4,66.5,0,12.8
20/08/2018,33.8,3.54444,8,70,1.8,13.8
21/08/2018,33.2,3.54444,7,76,0,5.6
22/08/2018,31.4,3.54444,7,82.75,0,5.6
23/08/2018,34.2,3.54444,5,63.5,0,8.6
24/08/2018,32.6,3.54444,3,85.25,0,6.8
25/08/2018,30.4,3.54444,6.4,92.5,0,8.8
26/08/2018,27.8,3.54444,0.8,77.5,0,11.2
27/08/2018,31.2,3.54444,4.8,77.25,0,10.2
28/08/2018,33.2,3.54444,4.4,69.5,0,11.6
29/08/2018,33.2,3.54444,7.4,66.75,0,11.6
30/08/2018,33.8,3.54444,8.8,69,0,16
31/08/2018,35,3.54444,11.4,63.5,0,16.4
01/09/2018,36.8,3.54444,2,70.6886,0,17.4
02/09/2018,36.8,3.54444,12,74,0,14
03/09/2018,24,3.54444,6,83,0,15.4
04/09/2018,23.8,3.54444,1,83,0,18.2
05/09/2018,27.4,3.54444,1,77.5,2.4,15.8
06/09/2018,31,3.54444,6,72.75,0,10.6
07/09/2018,35.6,3.54444,3,58.5,0,8.6
08/09/2018,36.4,3.54444,9.6,60.25,0,13
09/09/2018,35.8,3.54444,11.4,61.25,0,15.8
10/09/2018,36.2,3.54444,10.2,64,0,16.6
11/09/2018,36.2,3.54444,8.4,70.6886,0,17.8
12/09/2018,36.2,3.54444,8.4,66.25,0,20.2
13/09/2018,37.6,3.54444,8.2,61,0,17.4
14/09/2018,29.2,3.54444,14.4,84.25,3,10.6
15/09/2018,26,3.54444,2,85,0,7.8
16/09/2018,30.2,3.54444,3,80,0,13.8
17/09/2018,23.2,3.54444,2,95.25,0,8.4
18/09/2018,26.2,3.54444,1.4,89.5,0,12.4
19/09/2018,33.2,3.54444,1.6,68.75,0,14
20/09/2018,31,3.54444,5,87.75,0,17.6
21/09/2018,32.6,3.54444,1,79.5,0,14.6
22/09/2018,35.8,3.54444,13,67.5,0,12.8
23/09/2018,36.8,3.54444,7.6,61,0,12.6
24/09/2018,39,3.54444,9.6,64,0,14.2
25/09/2018,38,3.54444,3,60.75,0,14
26/09/2018,37.4,3.54444,20,68.25,14,15.2
27/09/2018,32.6,3.54444,10,71.25,0,12.6
28/09/2018,34.8,3.54444,4.2,76,30.4,16.2
29/09/2018,32,3.54444,2,75,14.2,16
30/09/2018,28.2,3.54444,6,92.75,3.2,17.4
01/10/2018,31.8,3.54444,1,76.5,0,14.2
02/10/2018,34.6,3.54444,5,60.5,1.8,14
03/10/2018,36.8,3.54444,2,63.75,0,18.4
04/10/2018,36.8,3.54444,4,65.75,0,17
05/10/2018,35.6,3.54444,4,72.5,0,16.2
06/10/2018,33.8,3.54444,8.8,68,0,18
07/10/2018,33,3.54444,6.4,84,0,19.2
08/10/2018,32,3.54444,3.6,80,0,19.4
09/10/2018,33,3.54444,3.8,79,0,17.8
10/10/2018,30,3.54444,3.2,90.5,0,17.4
11/10/2018,31,3.54444,1.8,85.25,0,17.6
12/10/2018,35.2,3.54444,4,70.6886,5.4,16.8
13/10/2018,35,3.54444,5,82.25,0,18.4
14/10/2018,32.2,3.54444,2,89.5,0,19.6
15/10/2018,33,3.54444,2,71.75,0,19.2
16/10/2018,35.4,3.54444,2,73.25,0,16.6
17/10/2018,33.4,3.54444,5,69.75,0,17.8
18/10/2018,35.6,3.54444,7,62.75,0,17.8
19/10/2018,33,3.54444,4,74.5,2.8,18.6
20/10/2018,31.4,3.54444,3.6,71,25,17.2
21/10/2018,32.2,3.54444,5.6,72,16.2,17.2
22/10/2018,33.8,3.54444,20.2,70.25,2,18.4
23/10/2018,34,3.54444,12.2,62.75,0,17
24/10/2018,30.4,3.54444,4.8,91,0,19
25/10/2018,28,3.54444,2.2,93.5,7.4,19.2
26/10/2018,31.4,3.54444,0.8,89.75,10,19
27/10/2018,28,3.54444,3,93.25,0,21
28/10/2018,31,3.54444,4,86.25,1.8,19.8
29/10/2018,31.8,3.54444,2.2,78.5,0,19.2
30/10/2018,36.4,3.54444,4.8,72.5,1,16.8
31/10/2018,36.4,3.54444,8.8,72.5,0,14.4
01/11/2018,34.4,3.54444,7.2,80,0,11.8
02/11/2018,32.4,3.54444,6,71.5,0,15.2
03/11/2018,34.8,3.54444,3.4,82.5,0,18.2
04/11/2018,34.2,3.54444,2.8,93,17.2,17.2
05/11/2018,31.6,3.54444,3.2,70.6886,4.5,18.4
06/11/2018,31.4,3.54444,3.2,70.6886,7,18.4
07/11/2018,26.8,3.54444,4,70.6886,19,17.6
08/11/2018,22.4,3.54444,1,70.6886,1,15.8
09/11/2018,22.2,3.54444,2,70.6886,0,14
10/11/2018,29.4,3.54444,3,70.6886,0,16.8
12/11/2018,34.6,3.54444,4.63943,70.6886,0,20.4
13/11/2018,35.2,3.54444,3,70.6886,1,17.4
14/11/2018,31,3.54444,9,70.6886,0,18
15/11/2018,34.4,3.54444,6,70.6886,0,18.4
16/11/2018,35.4,3.54444,4,70.6886,19.2,16
17/11/2018,32.2,3.54444,3,70.6886,0,16.2
19/11/2018,29.2,3.54444,4.63943,70.6886,0,15.2
20/11/2018,27.2,3.54444,2,70.6886,0,15.4
21/11/2018,30,3.54444,5,70.6886,41,14.4
22/11/2018,32.2,3.54444,2,70.6886,9,14.4
23/11/2018,28.2,3.54444,7,70.6886,19,16
24/11/2018,27.4,3.54444,4,70.6886,0,16.1138
26/11/2018,31,3.54444,4.63943,84.75,0,20
27/11/2018,32.2,3.54444,4.2,73.25,0,19.2
28/11/2018,33.3,3.54444,5.8,69,0,18
29/11/2018,34.2,3.54444,8,70.5,0,19.2
30/11/2018,31.8,3.54444,7,94.25,2,18
01/12/2018,30.4,3.54444,1.4,98,0,16.1138
02/12/2018,29,3.54444,1.2,88.5,27,16.1138
03/12/2018,31,3.54444,2.4,86.5,1.6,14.2
04/12/2018,34,3.54444,4.4,80.75,0,14.4
05/12/2018,35,3.54444,5.6,83.25,0,17.8
06/12/2018,36.2,3.54444,6.6,78.5,19,15.4
07/12/2018,34,3.54444,8.4,79.25,38,16.8
08/12/2018,31.2,3.54444,8,79.75,1.6,16.1138
09/12/2018,33.4,3.54444,6.4,77,0,20.6
10/12/2018,32.6,3.54444,8,78.25,1,15.4
11/12/2018,34.4,3.54444,2,75.5,0,18.2
12/12/2018,35.8,3.54444,3,79.75,0,19
13/12/2018,34.6,3.54444,2,77,0,18.4
14/12/2018,36,3.54444,11.8,76,29.2,17.6
15/12/2018,35.6,3.54444,4.8,85,43.4,18.2
16/12/2018,36.8,3.54444,6.8,84.5,0,16.6
17/12/2018,36.8,3.54444,4.2,76.25,0,18.2
18/12/2018,35.8,3.54444,8.2,69.5,0,19
19/12/2018,30.4,3.54444,8.6,87.5,0,18.2
20/12/2018,37.6,3.54444,2,75.75,0,17.6
21/12/2018,37.2,3.54444,3.8,78,0,14.6
22/12/2018,37,3.54444,7,84.25,0,12
23/12/2018,31.4,3.54444,4,88,0,18
24/12/2018,32.4,3.54444,3,85.5,0,18.6
25/12/2018,30.8,3.54444,3,89.5,0,21
26/12/2018,31,3.54444,2.8,70.6886,0,17
27/12/2018,31.4,3.54444,2.6,70.6886,0,19.2
28/12/2018,32.6,3.54444,2.8,70.6886,0,18.8
29/12/2018,30.8,3.54444,3.2,70.6886,0,17.8
31/12/2018,33.4,3.54444,4.63943,70.6886,0,19.6
01/01/2019,33.6,3.54444,2.7,70.6886,0,20.8
02/01/2019,34.2,3.54444,3.8,70.6886,2.4,17.4
03/01/2019,34.8,3.54444,4.2,70.6886,0,17.6
04/01/2019,32.6,3.54444,5.2,70.6886,0,20.2
05/01/2019,30.2,3.54444,7.6,70.6886,3,17.4
07/01/2019,33.4,3.54444,4.63943,70.6886,6.4,16.4
08/01/2019,35.2,3.54444,8.8,70.6886,0,16.2
09/01/2019,35.2,3.54444,4.8,70.6886,7.4,17.4
10/01/2019,35.4,3.54444,7.6,70.6886,0,17.8
11/01/2019,33.8,3.54444,7.6,70.6886,7.6,18
12/01/2019,34.6,3.54444,6.2,70.6886,0,17.8
14/01/2019,36.6,3.54444,4.63943,70.6886,0,19
15/01/2019,36.6,3.54444,8.2,70.6886,0,20.2
16/01/2019,36.6,3.54444,8.4,70.6886,49,15.8
17/01/2019,37.4,3.54444,2.4,70.6886,6.2,19.4
18/01/2019,34.8,3.54444,4.8,70.6886,5.4,19.4
19/01/2019,34.4,3.54444,2.8,70.6886,0,19.8
21/01/2019,36.4,3.54444,4.63943,70.6886,0,17.6
22/01/2019,38.2,3.54444,5.2,70.6886,0,20.2
23/01/2019,38,3.54444,6.8,70.6886,0,18.4
24/01/2019,36.4,3.54444,4.4,70.6886,0,19.4
25/01/2019,36.4,3.54444,4.4,70.6886,0,19.8
26/01/2019,35.4,3.54444,1.8,70.6886,0,19.8
28/01/2019,35,3.54444,4.63943,80,0,17.8
29/01/2019,36,3.54444,7.5,74.5,0,23.8
30/01/2019,37.4,3.54444,6.7,69.75,0,18.4
31/01/2019,37,3.54444,3,79,0,19.8
01/02/2019,38,3.54444,2,85.25,0,17.8
02/02/2019,38.4,3.54444,2.8,77,17.6,16.8
03/02/2019,36,3.54444,2.2,77,12,15.8
04/02/2019,32.8,3.54444,5,82.5,0,22.2
05/02/2019,30.8,3.54444,6,84.75,0,19.2
06/02/2019,32,3.54444,3.8,90,0,20
07/02/2019,34.8,3.54444,2,79.5,0,16.2
08/02/2019,36.2,3.54444,6,74.5,38,19.2
09/02/2019,36.4,3.54444,5.4,78.5,0,17
10/02/2019,36.6,3.54444,6.8,80,5.2,21
11/02/2019,33.4,3.54444,4.6,81.75,0,19.4
12/02/2019,33.2,3.54444,4.6,89.5,0,18.6
13/02/2019,32,3.54444,2.2,91.25,0,18.8
14/02/2019,32,3.54444,1.8,91.25,0,17.8
15/02/2019,30.2,3.54444,1.8,92.75,0,18.8
16/02/2019,28.2,3.54444,2,93,17,19.4
17/02/2019,30.8,0,2,84.5,0,16.8
18/02/2019,30.8,3.54444,4,88.75,0,15.4
19/02/2019,32,3.54444,2,85.75,0,17.8
20/02/2019,28.8,3.54444,7,94.75,1.4,15.8
21/02/2019,32.2,3.54444,1,89,0,18.2
22/02/2019,32.6,3.54444,3,84.5,0,18.8
23/02/2019,33.6,3.54444,3.2,74.5,0,20.2
24/02/2019,35,3.54444,4.4,83,0,17.2
25/02/2019,35.2,3.54444,5.6,77.25,0,17.4
26/02/2019,30.4,3.54444,4.2,94,6,17.2
27/02/2019,30.6,3.54444,2.2,90,2,16.4
28/02/2019,27,3.54444,0.8,92.75,30.4,16.2
01/03/2019,29.2,3.54444,2.8,92.75,30,17
02/03/2019,25.8,3.54444,2,93.5,0,16.4
03/03/2019,30.6,3.54444,2,89.75,0,17.2
04/03/2019,30.8,3.54444,1.2,90,3,16
05/03/2019,30.4,3.54444,4,87.75,1,15.6
06/03/2019,33,3.54444,3,83.5,4.8,17.2
07/03/2019,33,3.54444,5.6,87.75,14,16.2
08/03/2019,34.8,3.54444,4.4,76.5,0,17.6
09/03/2019,34.6,3.54444,6.6,82,0,19.4
10/03/2019,35.2,3.54444,3.6,85.5,0,17.6
11/03/2019,32.6,3.54444,0.8,90,14,14.8
12/03/2019,32.6,3.54444,1.2,82,48,15.2
13/03/2019,32.2,3.54444,4.2,85.5,24,16
14/03/2019,32.6,3.54444,3,83.5,1,17.2
15/03/2019,31.6,3.54444,1.8,89.75,23,17
16/03/2019,32.2,3.54444,3,82.25,7,17.2
17/03/2019,33.2,3.54444,2,83.25,9,16.4
18/03/2019,32,3.54444,3,89.5,3.8,17.2
19/03/2019,33,3.54444,1,80.75,0,17.6
20/03/2019,32.6,3.54444,3,85,0,17.4
21/03/2019,30.6,3.54444,2,89.25,0,17.4
22/03/2019,28.8,3.54444,1,89.5,0,19.2
23/03/2019,31.4,3.54444,1.6,81.5,0,17
24/03/2019,32.6,3.54444,2.8,76.5,1.2,16.8
25/03/2019,33,3.54444,3.6,70.75,0,16.4
26/03/2019,33.6,3.54444,4,75.25,4.7,17.2
27/03/2019,33.6,3.54444,5.2,76.25,0,18.4
28/03/2019,34,3.54444,4.6,74.75,0,17.2
29/03/2019,33,3.54444,3.8,71.75,26.6,17.4
30/03/2019,33.2,3.54444,3.6,70.6886,0,17.6
31/03/2019,33.4,3.54444,5,72,0,17.4
01/04/2019,33.4,3.54444,8.2,77,29,17.4
02/04/2019,33.8,3.54444,3.8,78.5,0,16.8
03/04/2019,34.6,3.54444,1.2,74.25,7.2,16.6
04/04/2019,34.4,3.54444,4.8,73.25,5.4,12.8
05/04/2019,33.2,3.54444,2.6,79.75,0,14.4
06/04/2019,32.6,3.54444,8.8,79.5,0,15.8
07/04/2019,31,3.54444,3.4,87,0,16.8
08/04/2019,30,3.54444,1.4,88.75,0,18
09/04/2019,28.6,3.54444,2,88,0,16.8
10/04/2019,30.4,3.54444,1,83,0,16
11/04/2019,31.6,3.54444,2.2,78.75,0,15.2
12/04/2019,31.2,3.54444,3.8,79.25,0,14
13/04/2019,30.6,3.54444,3,85.25,0,14.2
14/04/2019,28.6,3.54444,1,96.5,0,14.2
15/04/2019,30.6,3.54444,2,86.5,0,14.4
16/04/2019,31.6,3.54444,3,90.25,0,17.2
17/04/2019,32.2,3.54444,2.8,81,0,17.4
18/04/2019,32,3.54444,2.2,72,0,19
19/04/2019,31.6,3.54444,9,75.25,0,18.3
20/04/2019,32.2,3.54444,2.6,74,2,17.8
21/04/2019,32.8,3.54444,7,84.5,11.2,16.2
22/04/2019,32,3.54444,7.2,73,0,15.6
23/04/2019,32.2,3.54444,4,75.75,0,12.6
24/04/2019,33.2,3.54444,3.2,66,0,13.4
25/04/2019,32.8,3.54444,4,78,0,16.4
26/04/2019,32.8,3.54444,4.2,70.5,19,17.8
27/04/2019,33.4,3.54444,6.4,70.5,17,16.6
28/04/2019,33,3.54444,4.6,81,19,16.4
29/04/2019,29.4,3.54444,3.8,82.5,0,16.4
30/04/2019,31.6,3.54444,6.2,72.25,7.4,16.6
01/05/2019,30.2,3.54444,2.2,80,0,16.2
02/05/2019,32,3.54444,1.6,70.6886,0,15.6
03/05/2019,33.6,3.54444,3.2,70.6886,0,15.4
04/05/2019,31.6,3.54444,1.8,70.6886,0,16.4
06/05/2019,32.4,3.54444,4.63943,70.6886,0,15.8
07/05/2019,32.4,3.54444,3.6,70.6886,0,17.2
08/05/2019,31.8,3.54444,2.8,70.6886,0,16.6
09/05/2019,33.2,3.54444,3.4,70.6886,0,18.8
10/05/2019,32.8,3.54444,4.2,70.6886,0,17
11/05/2019,32.4,3.54444,3.4,70.6886,0,18.8
13/05/2019,32.8,3.54444,4.63943,70.6886,0,15.6
14/05/2019,31.8,3.54444,3.2,70.6886,16,15.4
15/05/2019,30.6,3.54444,3.4,70.6886,0,15.4
16/05/2019,30.2,3.54444,2,70.6886,0,17
17/05/2019,29.4,3.54444,1.6,70.6886,0,16.4
18/05/2019,27.8,3.54444,2,70.6886,0,16.8
20/05/2019,29,3.54444,4.63943,70.6886,42.4,15.6
21/05/2019,30.8,3.54444,4.6,70.6886,0,21.2
22/05/2019,31.2,3.54444,5.2,70.6886,0,17.4
23/05/2019,31.6,3.54444,5.6,70.6886,0,16
24/05/2019,30.2,3.54444,6.4,70.6886,0,14.6
25/05/2019,28.6,3.54444,1,70.6886,0,16.6
27/05/2019,31,3.54444,4.63943,70.6886,0,16.6
28/05/2019,33.4,3.54444,6.8,70.6886,0,19.8
29/05/2019,33.2,3.54444,4.6,70.6886,0,14.8
30/05/2019,33.4,3.54444,4.8,70.6886,0,10.4
31/05/2019,33.2,3.54444,7.8,70.6886,0,11.8
01/06/2019,33.4,3.54444,5.8,70.6886,0,12.4
03/06/2019,29.8,3.54444,4.63943,70.6886,4.4,12.2
04/06/2019,31.2,3.54444,1,70.6886,0,16.2
05/06/2019,28.8,3.54444,1.2,70.6886,0,11.6
06/06/2019,28.2,3.54444,4.4,70.6886,0,12.8
07/06/2019,29.6,3.54444,5,70.6886,0,13
08/06/2019,28.6,3.54444,5,70.6886,0,12.4
10/06/2019,29.4,3.54444,4.63943,70.6886,0,7.4
11/06/2019,29.8,3.54444,2.8,70.6886,0,18.6
12/06/2019,30,3.54444,6,70.6886,0,16.4
13/06/2019,31.4,3.54444,6.2,70.6886,0,15.6
14/06/2019,31.8,3.54444,5.8,70.6886,0,18
15/06/2019,31.2,3.54444,7.4,70.6886,0,18.2
17/06/2019,30.8,3.54444,4.63943,70.6886,0,14.6
18/06/2019,30.2,3.54444,6.8,70.6886,0.4,16.1138
19/06/2019,31.2,3.54444,6,70.6886,4.4,10
20/06/2019,30.8,3.54444,1.8,70.6886,0,6
21/06/2019,29.4,3.54444,5,70.6886,0,9.6
22/06/2019,29.6,3.54444,6.6,70.6886,0,12.6
24/06/2019,30.4,3.54444,4.63943,70.6886,0,13.4
25/06/2019,31.2,3.54444,6.8,70.6886,0,15.2
26/06/2019,32.2,3.54444,8,70.6886,0,14.4
27/06/2019,31.8,3.54444,8.2,70.6886,0,14.8
28/06/2019,32.6,3.54444,4,70.6886,0,16.6
29/06/2019,32.4,3.54444,7.8,70.6886,0,15.4
01/07/2019,32.2,3.54444,4.63943,70.6886,0,15.4
02/07/2019,31.6,3.54444,6.6,70.6886,0,17.6
03/07/2019,32.2,3.54444,6.8,70.6886,0,13.6
04/07/2019,29.6,3.54444,6.8,70.6886,0,12.8
05/07/2019,28.6,3.54444,1.4,70.6886,0,14.6
06/07/2019,25.6,3.54444,1.4,70.6886,0,12.4
08/07/2019,26.4,3.54444,4.63943,70.6886,0,13.8
09/07/2019,29.4,3.54444,5.2,70.6886,0,16.1138
10/07/2019,29.6,3.54444,7,70.6886,0,14.4
11/07/19,29,3.54444,7.2,70.6886,0,14.2
12/07/19,29.6,3.54444,7.6,70.6886,0,14.6
13/07/19,32,3.54444,4.6,70.6886,0,15.8
15/07/19,33.6,3.54444,4.63943,70.6886,0,15.2
16/07/19,30.8,3.54444,7.2,70.6886,0,16.1138
17/07/19,29.4,3.54444,4,70.6886,0,14.2
18/07/19,28.6,3.54444,7.2,70.6886,0,14.2
19/07/19,29.8,3.54444,5.6,70.6886,0,16
20/07/19,29,3.54444,7.2,70.6886,13.2,12.2
22/07/19,30.8,3.54444,4.63943,70.6886,0,4.8
23/07/19,30.4,3.54444,8.8,70.6886,0,16.4
24/07/19,31.6,3.54444,7.4,70.6886,0,11.2
25/07/19,31.8,3.54444,8.8,70.6886,0,14
26/07/19,32,3.54444,8.8,70.6886,0,14
27/07/19,31.2,3.54444,8.2,70.6886,0,13.4
29/07/19,31.8,3.54444,4.63943,70.6886,0,14
30/07/19,33,3.54444,7.6,70.6886,0,20.2
31/07/19,32.4,3.54444,7,70.6886,0,16.4
01/08/19,33.4,3.54444,7.6,70.6886,0,8.6
02/08/19,34.8,3.54444,10.8,70.6886,0,8
03/08/19,31.9138,3.54444,3.8,70.6886,0,11.2
05/08/19,31.8,3.54444,4.63943,70.6886,0,14.6
06/08/19,28.8,3.54444,2.8,70.6886,0,19.6
07/08/19,30.8,3.54444,3.2,70.6886,0,16.4
08/08/19,31.4,3.54444,7,70.6886,0,17
09/08/19,32.8,3.54444,9.2,70.6886,0,17.4
10/08/19,33.6,3.54444,8.8,70.6886,0,18.8
12/08/19,34.4,3.54444,4.63943,70.6886,0,17.8
13/08/19,34.8,3.54444,10.8,70.6886,0,19
14/08/19,29.2,3.54444,5.6,70.6886,0,18.2
15/08/19,29.6,3.54444,5.6,70.6886,0,15.8
16/08/19,31.6,3.54444,6.8,70.6886,0,18
17/08/19,32.8,3.54444,7.8,70.6886,0,19.8
19/08/19,32.6,3.54444,4.63943,70.6886,0,12
20/08/19,30.8,3.54444,5.4,70.6886,16,14.4
21/08/19,31.8,3.54444,2.8,70.6886,33,14.2
22/08/19,30,3.54444,4.4,70.6886,0,14.6
23/08/19,30,3.54444,3.8,70.6886,0,17.8
24/08/19,29.4,3.54444,5,70.6886,0,18.8
26/08/19,33.8,3.54444,4.63943,70.6886,0,17.8
27/08/19,33.2,3.54444,10.6,70.6886,0,22.2
28/08/19,30.8,3.54444,8,70.6886,0,18.2
29/08/19,33.2,3.54444,9,70.6886,0,14
30/08/19,34.6,3.54444,9.2,70.6886,0,11.6
31/08/19,37.2,3.54444,10.6,70.6886,0,16
02/09/19,32.2,3.54444,4.63943,70.6886,0,16.6
03/09/19,33.4,3.54444,6.2,70.6886,0,22.4
04/09/19,34.4,3.54444,1.6,70.6886,0,14.4
05/09/19,33.4,3.54444,5.2,70.6886,0,14.2
06/09/19,35.8,3.54444,5.2,70.6886,0,12.6
07/09/19,35.4,3.54444,4.63943,70.6886,0,12.6
09/09/19,36.6,3.54444,4.63943,70.6886,0,12
10/09/19,38.4,3.54444,11.6,70.6886,0,20.6
11/09/19,39,3.54444,11.6,70.6886,0,18.8
12/09/19,39.8,3.54444,12.2,70.6886,0,16.8
13/09/19,38.6,3.54444,6.4,70.6886,0,18.2
14/09/19,38.6,3.54444,7,70.6886,0,18.6
16/09/19,38.6,3.54444,4.63943,70.6886,0,19.4
17/09/19,38.2,3.54444,10.8,70.6886,11.6,20.4
18/09/19,38.8,3.54444,9.6,70.6886,12,18.4
19/09/19,38.8,3.54444,10.8,70.6886,0,18.8
20/09/19,38.4,3.54444,3.6,70.6886,0,16.4
21/09/19,35.8,3.54444,6.4,70.6886,0,16.2
23/09/19,33.4,3.54444,4.63943,70.6886,0,20.4
24/09/19,34.4,3.54444,5.8,70.6886,0,21.8
25/09/19,27.5,3.54444,3.6,70.6886,0,19.6
26/09/19,21.2,3.54444,1.4,70.6886,0,21.6
27/09/19,29.8,3.54444,3,70.6886,0,20.8
28/09/19,32.2,3.54444,1.6,70.6886,0,17.8
30/09/19,35.6,3.54444,4.63943,70.6886,0,15.8
01/10/19,38.8,3.54444,9.2,70.6886,0,25
02/10/19,38.6,3.54444,11,70.6886,0,20.8
03/10/19,38.2,3.54444,3.6,70.6886,0,21.8
04/10/19,38,3.54444,7.8,70.6886,0,20.4
05/10/19,39,3.54444,5,70.6886,0,19
07/10/19,32.8,3.54444,4.63943,70.6886,10.2,18.8
08/10/19,26.8,3.54444,4.6,70.6886,0,19.2
09/10/19,29.8,3.54444,0.4,70.6886,0,14.2
10/10/19,31.8,3.54444,3.8,70.6886,2.8,15.8
11/10/19,36.2,3.54444,2.8,70.6886,14.2,15.8
12/10/19,36.8,3.54444,7.2,70.6886,0,14.6
14/10/19,39,3.54444,4.63943,70.6886,0,13.2
15/10/19,38,3.54444,9.2,70.6886,0,16.1138
16/10/19,37.8,3.54444,7.2,70.6886,0,20
17/10/19,38.8,3.54444,8.4,70.6886,0,21.4
18/10/19,39.2,3.54444,8.6,70.6886,0,17.2
19/10/19,35.4,3.54444,8.6,70.6886,2,15.4
21/10/19,34.8,3.54444,4.63943,70.6886,0,21.2
22/10/19,26.4,3.54444,2.6,70.6886,0,19.4
23/10/19,31.6,3.54444,2.2,70.6886,3.4,16.4
24/10/19,35.4,3.54444,4.2,70.6886,1.4,17.8
25/10/19,38,3.54444,7.2,70.6886,0,18
26/10/19,37.8,3.54444,4.63943,70.6886,0,18.6
28/10/19,31.4,3.54444,4.63943,70.6886,8.2,21
29/10/19,35.6,3.54444,4.63943,70.6886,0,25.4
30/10/19,36.8,3.54444,4.63943,70.6886,0,19.2
31/10/19,35.8,3.54444,4.63943,70.6886,0,17.4
01/11/19,36.6,3.54444,4.63943,70.6886,0,20.4
02/11/19,35.4,3.54444,4.63943,70.6886,0,20.4
19/11/19,27.2,0,4.63943,70,2.2,18.8
25/11/19,32.8,3.54444,4.63943,70.6886,20.4,15.6
26/11/19,34.2,3.54444,4.63943,70.6886,27.4,15.4
27/11/19,32.4,3.54444,4.63943,70.6886,0,15.8
28/11/19,30.6,3.54444,4.63943,70.6886,0,16.4
29/11/19,29.2,3.54444,4.63943,70.6886,0,19.2
30/11/19,30.6,3.54444,4.63943,70.6886,0,19.2
02/12/19,32.2,3.54444,4.63943,70.6886,1.4,17.8
03/12/19,30,3.54444,4.63943,70.6886,3.2,17.8
04/12/19,32.4,3.54444,4.63943,70.6886,0,19.2
05/12/19,31.8,3.54444,4.63943,70.6886,0,17.8
06/12/19,30,3.54444,4.63943,70.6886,0,18.4
07/12/19,33.4,3.54444,4.63943,70.6886,0,18
09/12/19,31.6,3.54444,4.63943,70.6886,0,20
10/12/19,31.2,3.54444,4.63943,70.6886,0,19.8
11/12/19,26.6,3.54444,4.63943,70.6886,2.2,18.2
12/12/19,29.2,3.54444,4.63943,70.6886,46,17.4
13/12/19,31.2,3.54444,1.8,70.6886,21,16
14/12/19,32.4,3.54444,2.6,70.6886,0,17.8
16/12/19,34.2,3.54444,4.63943,70.6886,0,20
17/12/19,30.8,3.54444,1.8,70.6886,7,16.8
18/12/19,29.6,3.54444,0.8,70.6886,8,17.8
19/12/19,29.4,3.54444,1.8,70.6886,0,19.4
20/12/19,31.8,3.54444,2.4,70.6886,6,18.2
21/12/19,30,3.54444,2.4,70.6886,6.2,18.4
23/12/19,28.8,3.54444,4.63943,70.6886,0,18.8
24/12/19,31.8,3.54444,4.4,70.6886,3,18.4
25/12/19,32.2,3.54444,4.8,70.6886,0,19.2
26/12/19,35.4,3.54444,2.2,70.6886,5.4,18.2
27/12/19,35.6,3.54444,4.8,70.6886,1.8,17.2
28/12/19,34.8,3.54444,5,70.6886,0,17.8
30/12/19,36.2,3.54444,4.63943,70.6886,10,22.4
31/12/19,34.2,3.54444,4.6,70.6886,4.4,16.8
