[{"id":"087f754e-13c2-4b59-9322-f5d554346d8f","path":"/init.ipynb"},{"id":"7de641aa-6410-4354-bd53-b43b5a5de3d0","path":"/notebook.ipynb"},{"id":"a9c22938-828c-4cb7-9bac-04e30cff6b47","path":"/IPCD_Aula_07.ipynb"},{"id":"65d8195a-0ad3-4816-9c98-b226b3351e89","path":"/dataset"},{"id":"5a512175-804d-4ca6-8787-bcc9da0b9e8c","path":"/imgs"},{"id":"eda6b624-f924-4e3e-a88a-befb133db94f","path":"/imgs/image-20201210-222423.png"},{"id":"102dd1c8-d7a8-4aa2-a657-0b28223cedd5","path":"/imgs/image-20201210-222702.png"},{"id":"92cb16d3-f46b-43a3-b20e-64b98dc3bc43","path":"/imgs/image-20201210-222727.png"},{"id":"40122b2a-9365-48dc-991b-77ec559f15ea","path":"/dataset/tenis.csv"},{"id":"d59b1b7b-e062-49fe-aa26-881fd904cb31","path":"/dataset/heartAttack.csv"},{"id":"95d6acc2-7226-4eaf-b7fd-b8e5b2a6f306","path":"/dataset/bank.csv"},{"id":"2401e49c-4acb-4b42-b9f7-95888a1a1309","path":"/dataset/clima.csv"},{"id":"c3001a27-9490-4cba-80c5-d5a7515cb716","path":"/dataset/zoo.csv"},{"id":"24b3deaf-db14-44da-9725-961ca437f774","path":"/dataset/heart.csv"},{"id":"7b8ddc1e-23b5-4b96-9cfa-d106545083dd","path":"/imgs/image-20201211-092256.png"},{"id":"2a2bde72-8d0f-4861-9595-699833e7202b","path":"/metricas.ipynb"},{"id":"0e53868c-0526-439e-a15a-6acf259f4511","path":"/importancia_dos_Atributos.ipynb"}]